zone_simple,month,Spike_D614G,NSP12_P323L,NSP4_T492I,Spike_T478K,Spike_G142D,N_R203K,N_G204R,Spike_P681H,NSP6_G107del,NSP6_S106del,Spike_N501Y,Spike_H655Y,Spike_N679K,Spike_N969K,Spike_Q954H,Spike_L452R,Spike_D796Y,NSP5_P132H,N_P13L,E_T9I,M_A63T,NSP14_I42V,Spike_G339D,M_Q19E,N_R32del,N_E31del,N_S33del,Spike_P681R,Spike_S477N,Spike_N764K,M_I82T,NS3_S26L,NSP13_P77L,N_R203M,Spike_S373P,N_D377Y,Spike_S375F,Spike_E484A,Spike_T19R,NSP12_G671S,N_D63G,Spike_Y505H,Spike_Q498R,Spike_D950N,NS7a_T120I,NS7a_V82A,Spike_T95I,Spike_F157del,Spike_R158del,Spike_Q493R,Spike_E156G,NSP6_T77A,NSP14_A394V,NSP4_V167L,NSP3_A488S,N_G215C,NS7b_T40I,NSP3_P1228L,NSP3_P1469S,Spike_V70del,Spike_H69del,Spike_K417N,Spike_N440K,NSP6_F108del,Spike_Y144del,NSP6_I189V,Spike_T547K,NSP3_A1892T,Spike_L981F,Spike_N856K,Spike_A67V,NSP3_K38R,NSP3_L1266I,NS3_T223I,NSP6_L105del,Spike_V143del,NSP13_R392C,Spike_Y145del,Spike_V213G,NSP3_G489S,NSP3_S1265del,Spike_T19I,NSP3_T24I,NSP1_S135R,NSP4_L264F,M_D3G,NSP4_T327I,Spike_D405N,N_S413R,Spike_A27S,Spike_T376A,Spike_S371F,Spike_P26del,Spike_P25del,Spike_L24del,NSP15_T112I,Spike_R408S,Spike_S371L,Spike_G496S,Spike_N211del,Spike_L212I,NSP4_L438F,Spike_ins214EPE,Spike_G446S,Spike_R346K,NSP3_T183I,NS8_Q27stop,Spike_T716I,Spike_A570D,Spike_D1118H,NS8_R52I,NS8_Y73C,NSP3_A890D,N_S235F,Spike_S982A,N_D3L,NSP3_I1412T,NSP3_A1711V,Spike_A222V,NS3_Q57H,NSP2_T85I,NSP4_A446V,NSP3_P822L,NS8_K68stop,NSP6_V149A,NSP6_T181I,NSP13_I334V,NSP3_A1736V,NSP12_L838I,N_Q9L,NSP3_V1069I,Spike_F486V,Spike_A701V,NS3_E239Q,NSP12_F694Y,NS3_L106F,NSP13_K460R,Spike_E484K,NSP12_F192V,Spike_S704L,Spike_L18F,NS3_H78Y,N_D343G,Spike_L452Q,NSP6_L37F,NSP1_M85del,NSP2_K81N,Spike_L5F,M_D3N,NSP13_H164Y,N_P199L,N_T205I,NSP12_P227L,N_P67S,NSP6_I162V,NSP5_K90R,N_A220V,N_M234I,NSP1_V86del,NS8_S24L,NSP5_L89F,NSP1_V84del,NS3_G172V,NS7a_P45L,NSP13_E341D,NSP14_N129D,Spike_V1176F,NSP16_K160R,NSP1_H83del,NS3_L140F,NSP4_A146V,Spike_Y145H,NSP1_K141del,NSP1_S142del,NSP1_F143del,Spike_K417T,Spike_P26S,NSP16_R216C,NSP6_C197F,NSP1_G82del,Spike_T1027I,NSP3_S370L,Spike_D138Y,NSP3_H1307Y,NS8_E92K,NSP2_P129L,NSP3_D410G,NS3_S253P,NSP3_K977Q,N_P80R,NS8_L60F,Spike_T20N,Spike_V1264L,Spike_R190S,N_S194L,NSP13_A296S
1,0,0,0,0,0,0,0,0,0,0,0,0,0,0,0,0,0,0,0,0,0,0,0,0,0,0,0,0,0,0,0,0,0,0,0,0,0,0,0,0,0,0,0,0,0,0,0,0,0,0,0,0,0,0,0,0,0,0,0,0,0,0,0,0,0,0,0,0,0,0,0,0,0,0,0,0,0,0,0,0,0,0,0,0,0,0,0,1,0,0,0,0,0,0,0,0,0,0,0,0,0,0,0,0,0,0,0,0,0,0,0,0,0,0,0,0,0,0,0,0,0,0,0,0,0,0,0,0,0,0,0,0,0,0,0,0,0,0,0,0,0,0,0,0,0,0,0,0,0,0,0,0,0,0,0,0,0,0,0,0,0,0,0,0,0,0,0,0,1,0,0,0,0,0,0,0,0,0,0,0,0,0,0,0,0,0,0,0,0,0,0,0,0,0,0,0,0
1,1,125,113,1,1,1,2,2,1,2,2,0,2,1,1,1,2,1,1,2,1,1,1,0,1,1,1,1,0,51,1,0,0,3,0,0,2,0,0,0,0,1,0,0,0,0,0,23,0,0,0,0,0,0,0,0,0,0,0,0,1,1,0,0,1,1,1,1,1,1,4,1,1,1,0,1,1,6,1,0,1,1,0,0,0,0,0,0,0,0,0,0,0,0,0,0,0,0,0,0,0,0,0,0,0,0,0,0,0,0,0,0,0,0,1,0,0,0,0,0,89,7,0,0,0,0,0,0,0,0,0,0,0,0,0,0,0,0,0,0,0,2,0,0,0,23,9,0,2,0,0,3,5,0,3,0,3,0,59,9,3,3,9,4,0,0,3,0,4,9,0,0,0,3,3,3,0,0,3,0,9,0,0,0,0,0,0,0,0,0,0,0,0,0,0,40,1
0,1,19,5,0,0,0,3,3,0,1,1,0,0,0,0,0,0,0,0,2,0,0,0,0,0,0,0,0,0,0,0,0,0,0,0,0,0,0,0,0,0,0,0,0,0,0,0,0,0,0,0,0,0,0,0,0,0,0,0,0,2,2,1,0,1,1,0,0,0,0,0,0,0,0,0,0,0,0,0,0,0,0,0,0,0,0,0,0,0,0,0,0,0,0,0,0,0,0,0,0,0,0,0,0,0,0,0,0,0,0,0,0,0,0,0,0,0,0,0,14,15,1,0,0,0,0,0,0,0,0,0,0,0,0,0,0,0,1,2,0,0,0,0,0,0,10,0,0,0,0,0,0,1,0,0,0,0,0,1,0,0,0,0,0,0,0,0,0,0,0,0,0,0,0,0,0,0,0,0,0,0,0,0,0,0,0,0,0,0,0,0,0,0,0,0,3,0
-1,1,2,2,0,0,0,0,0,0,0,0,0,0,0,0,0,0,0,0,0,0,0,0,0,0,0,0,0,0,0,0,0,0,0,0,0,0,0,0,0,0,0,0,0,0,0,0,0,0,0,0,0,0,0,0,0,0,0,0,0,0,0,0,0,0,0,0,0,0,0,0,0,0,0,0,0,0,0,0,0,0,0,0,0,0,0,0,0,0,0,0,0,0,0,0,0,0,0,0,0,0,0,0,0,0,0,0,0,0,0,0,0,0,0,0,0,0,0,0,0,2,2,0,0,0,0,0,0,0,0,0,0,0,0,0,0,0,0,0,0,0,0,0,0,0,0,0,0,0,0,0,0,0,0,0,0,0,0,0,0,0,0,0,0,0,0,0,0,0,0,0,0,0,0,0,0,0,0,0,0,0,0,0,0,0,0,0,0,0,0,0,0,0,0,0,0,0
2,1,1,1,0,0,0,1,1,0,0,0,0,0,0,0,0,0,0,0,0,0,0,0,0,0,0,0,0,0,0,0,0,0,0,0,0,0,0,0,0,0,0,0,0,0,0,0,0,0,0,0,0,0,0,0,0,0,0,0,0,0,0,0,0,0,0,0,0,0,0,0,0,0,0,0,0,0,0,0,0,0,0,0,0,0,0,0,0,0,0,0,0,0,0,0,0,0,0,0,0,0,0,0,0,0,0,0,0,0,0,0,0,0,0,0,0,0,0,0,0,0,0,0,0,0,0,0,0,0,0,0,0,0,0,0,0,0,0,0,0,0,0,0,0,0,0,0,0,0,0,0,0,0,0,0,0,0,0,0,0,0,0,0,0,0,0,0,0,0,0,0,0,0,0,0,0,0,0,0,0,0,0,0,1,0,0,0,0,0,0,0,0,0,0,0,0,0
1,2,369,353,2,0,0,113,112,1,2,2,1,3,0,0,0,0,0,0,6,0,0,0,0,0,0,0,0,0,2,0,0,0,2,0,0,1,0,0,0,0,0,0,0,0,2,0,1,0,0,0,0,0,0,0,0,0,1,0,0,16,16,0,0,2,3,0,0,0,0,0,0,1,0,0,0,1,7,0,0,0,0,0,0,0,1,22,0,0,0,0,0,0,0,0,0,0,0,0,0,0,0,0,0,0,0,1,1,1,1,1,1,1,0,1,1,1,1,0,6,47,27,0,2,0,0,2,0,0,0,0,0,0,0,0,0,0,0,6,0,1,1,1,0,0,444,39,0,17,0,0,7,3,0,2,0,2,6,2,38,3,2,39,2,0,0,2,0,4,39,0,0,0,1,1,1,0,0,2,0,39,0,1,0,0,0,0,0,0,0,0,0,0,0,0,16,1
0,2,36,34,0,0,0,8,8,0,2,2,2,0,0,0,0,0,0,0,0,0,0,0,0,0,0,0,0,0,0,0,0,0,0,0,0,0,0,0,0,0,0,0,0,0,0,0,0,0,0,0,0,0,0,0,0,0,0,0,0,0,0,4,0,2,0,0,0,0,0,0,0,0,0,1,0,0,0,0,0,0,0,0,0,0,0,0,0,0,0,0,0,0,0,0,0,0,0,0,0,0,0,0,0,0,0,0,0,0,0,0,0,0,0,0,0,0,0,0,0,23,10,0,0,0,0,0,0,0,0,0,0,0,1,0,0,0,0,2,0,0,0,0,0,0,50,0,0,2,0,0,0,4,0,0,0,3,0,0,0,0,0,0,0,2,0,0,0,0,0,0,0,0,0,0,0,0,0,0,0,0,0,0,10,0,0,0,0,0,0,0,0,0,0,0,4,0
2,2,7,5,0,0,0,3,3,0,0,0,0,0,0,0,0,0,0,0,0,0,0,0,0,0,0,0,0,0,0,0,0,0,0,0,0,0,0,0,0,0,0,0,0,0,0,0,0,0,0,0,0,0,0,0,0,0,0,0,0,0,0,0,0,0,0,0,0,0,0,0,0,0,0,0,0,1,0,0,0,0,0,0,0,0,0,2,0,0,0,0,0,0,0,0,0,0,0,0,0,0,0,0,0,0,0,0,0,0,0,0,0,0,0,0,0,0,0,0,0,0,0,0,0,0,0,0,0,0,0,0,0,0,0,0,0,0,0,0,0,0,1,0,0,0,9,0,0,0,0,0,0,0,0,0,0,0,0,0,0,0,0,0,0,0,0,0,0,0,0,0,0,0,0,0,0,0,0,0,0,0,0,0,0,0,0,0,0,0,0,0,0,0,0,0,0,0
-1,2,1,1,0,0,0,1,1,0,0,0,0,0,0,0,0,0,0,0,0,0,0,0,0,0,0,0,0,0,0,0,0,0,0,0,0,0,0,0,0,0,0,0,0,0,0,0,0,0,0,0,0,0,0,0,0,0,0,0,0,0,0,0,0,0,0,0,0,0,0,0,0,0,0,0,0,0,0,0,0,0,0,0,0,0,0,0,0,0,0,0,0,0,0,0,0,0,0,0,0,0,0,0,0,0,0,0,0,0,0,0,0,0,0,0,0,0,0,0,0,0,0,0,0,0,0,0,0,0,0,0,0,0,0,0,0,0,0,0,0,0,0,0,0,0,1,0,0,0,0,0,0,0,0,0,0,0,0,0,0,0,0,0,0,0,0,0,0,0,0,0,0,0,0,0,0,0,0,0,0,0,0,0,0,0,0,0,0,0,0,0,0,0,0,0,0,0
1,3,34837,34736,11,3,5,8617,8591,24,17,16,11,16,3,1,1,2,2,1,156,7,5,2,4,2,1,1,1,1,8,1,2,13,15,29,1,92,1,4,1,6,1,1,1,1,6,1,38,1,1,1,1,2,7,3,2,2,27,50,6,27,27,1,1,13,80,12,1,0,0,0,8,2,2,13,3,11,166,1,1,1,4,9,1,1,11,484,6,1,1,28,1,1,2,2,2,4,1,0,0,0,0,6,0,0,0,22,25,23,12,13,17,14,13,13,12,16,12,24,38,15511,12295,18,3,6,1,5,0,9,0,0,0,0,5,0,0,12,32,5,0,2,44,8,0,0,4915,145,0,236,0,18,37,80,24,12,0,91,17,42,114,1096,201,86,9,3,22,7,11,85,86,6,1,29,259,260,259,0,7,8,0,78,11,10,0,12,3,27,0,0,0,0,1,1,7,1,343,11
2,3,2073,2078,1,0,0,626,625,1,1,1,2,0,0,0,0,0,0,0,0,0,0,0,1,0,0,0,0,0,0,0,0,0,0,4,0,2,0,0,0,0,0,0,0,1,1,0,0,0,0,0,0,0,0,0,0,0,0,2,0,2,2,0,0,1,3,0,0,0,0,0,0,0,0,0,0,3,13,0,0,0,0,0,0,0,0,111,0,0,0,0,0,0,0,0,0,0,0,0,0,0,0,0,0,0,0,1,1,1,1,1,2,1,1,1,1,1,1,1,1,708,628,0,0,1,0,0,0,0,0,0,0,0,0,0,0,1,0,0,0,0,2,3,0,0,283,5,0,21,0,0,0,18,1,0,0,222,0,0,0,2,3,0,0,1,0,0,0,3,0,0,0,3,9,9,9,0,0,0,0,0,0,0,0,0,0,0,0,0,0,0,0,0,2,0,19,0
0,3,3523,3505,3,4,5,1296,1294,0,8,8,4,2,0,0,0,9,0,0,671,2,0,1,0,0,0,0,0,9,1,0,6,9,8,8,0,8,0,0,5,7,4,0,0,4,0,6,3,1,1,0,2,7,2,1,1,2,3,3,1,4,4,2,0,8,3,2,0,0,0,0,4,2,3,0,0,0,3,0,0,0,3,0,0,0,0,59,0,0,0,2,0,0,0,0,0,0,0,0,0,0,0,0,0,0,0,1,0,0,0,0,0,0,0,0,0,0,0,1,3,1126,790,6,4,0,3,2,0,1,0,0,0,0,4,0,0,4,0,4,0,5,10,2,0,0,1087,22,0,21,0,0,0,23,4,1,0,6,6,1,23,43,6,19,0,0,8,0,184,14,11,1,0,1,26,26,26,0,6,4,0,12,0,2,0,2,19,6,0,23,0,2,0,1,0,0,44,1
-1,3,522,528,0,0,0,129,127,0,0,0,0,0,0,0,0,0,0,0,18,0,0,0,0,0,0,0,0,0,0,0,0,0,0,0,0,0,0,0,0,0,0,0,0,0,0,0,1,0,0,0,0,0,0,0,0,0,0,0,0,0,0,0,0,0,0,0,0,0,0,0,0,0,0,0,0,0,0,0,0,0,0,0,0,0,0,1,0,0,0,0,0,0,0,0,0,0,0,0,0,0,0,0,0,0,0,0,0,0,0,0,0,0,0,0,0,0,0,0,0,196,111,0,0,0,0,0,0,0,0,0,0,0,0,0,0,0,0,0,0,0,1,0,0,0,100,2,0,0,0,0,0,0,0,0,0,0,0,0,2,8,0,1,0,0,0,0,1,0,1,19,0,0,1,1,1,0,0,0,0,1,0,0,0,0,0,0,0,0,0,0,0,0,0,0,9,0
-1,4,744,745,2,0,0,232,232,0,1,1,1,0,0,0,0,0,0,0,7,0,0,0,0,0,0,0,0,0,0,0,0,3,0,0,0,0,0,0,0,0,0,0,0,0,0,0,1,0,0,0,0,0,0,0,0,0,0,0,0,0,0,0,0,1,1,0,0,0,0,0,1,0,5,0,0,0,1,0,0,0,5,0,0,0,0,0,0,0,0,0,0,0,0,0,0,0,0,0,0,0,0,0,0,0,0,0,0,0,0,0,0,0,0,0,0,0,0,0,1,200,138,0,0,0,0,0,0,0,0,0,0,0,0,0,0,0,0,2,0,0,2,0,0,0,49,3,0,7,0,0,0,0,0,0,0,3,1,0,4,3,0,1,0,0,1,0,4,25,1,17,0,0,2,2,2,1,1,1,0,1,0,2,1,1,5,0,0,3,0,0,0,1,0,0,19,0
1,4,45694,45593,29,5,12,16476,16468,71,26,26,21,44,14,3,3,7,22,3,63,33,5,6,9,3,3,3,3,1,56,4,4,21,25,25,3,187,3,3,14,23,5,4,3,8,12,1,52,2,2,4,2,8,5,8,4,19,30,502,13,22,22,9,6,24,128,41,2,3,1,0,28,0,3,30,2,42,63,13,4,3,3,9,8,3,60,400,12,3,3,25,3,3,3,3,3,18,3,0,0,2,2,21,0,3,2,29,39,43,17,15,25,14,15,38,16,28,17,25,50,17914,13021,55,129,4,4,8,0,26,0,2,2,0,8,1,0,11,20,8,0,7,93,29,0,1,2723,191,0,411,0,9,63,125,62,20,0,123,26,164,135,1952,350,128,23,4,13,16,19,141,127,19,3,8,267,267,267,3,19,14,1,121,28,16,12,25,26,59,0,4,3,3,3,2,13,2,855,27
0,4,4243,4231,10,15,1,1856,1858,6,4,4,1,5,0,0,0,29,2,0,974,3,0,0,0,0,0,0,0,5,7,0,5,10,10,4,0,17,0,0,4,15,4,0,0,4,3,2,7,3,3,0,3,4,4,4,4,4,10,4,5,6,6,2,0,4,19,0,1,0,0,0,1,0,2,9,0,11,3,1,0,0,2,0,2,0,2,61,0,0,0,5,0,0,1,1,1,0,0,0,0,0,0,2,0,0,0,5,3,6,1,1,1,3,1,6,4,1,3,4,2,1066,472,5,7,1,0,1,0,1,0,0,18,0,3,0,0,3,1,7,0,2,9,2,0,0,1048,14,0,26,0,16,0,84,8,2,0,19,3,10,14,73,0,13,3,2,1,0,440,9,6,2,2,2,51,51,51,0,2,1,0,6,2,1,6,3,29,6,0,65,0,1,0,0,1,0,238,2
2,4,1450,1436,0,0,0,385,387,0,0,0,0,1,0,0,0,0,0,0,0,1,1,0,0,0,0,0,0,0,0,0,0,0,0,0,0,4,0,0,0,0,0,0,0,0,1,0,0,0,0,0,0,0,0,0,0,0,0,2,0,1,1,0,0,0,1,0,0,0,0,0,0,0,0,0,0,1,0,0,0,0,0,0,0,0,0,16,0,0,0,1,0,0,0,0,0,1,0,0,0,0,0,0,0,0,1,0,2,1,0,0,0,0,0,0,0,0,0,0,1,752,711,0,1,0,0,1,0,0,0,0,0,0,0,0,0,0,0,0,0,0,1,0,0,0,89,5,0,32,0,0,0,27,0,1,0,95,0,1,3,0,0,1,0,0,0,0,0,2,1,0,1,0,19,19,19,0,0,0,0,1,0,0,0,1,4,10,0,0,0,0,0,0,4,0,6,0
-1,5,771,745,0,0,0,392,392,0,0,0,0,0,0,0,0,0,1,0,1,0,0,0,0,0,0,0,0,0,0,0,0,0,0,0,0,0,0,0,0,0,0,0,0,0,0,0,0,0,0,0,0,1,0,0,0,0,0,0,0,0,0,0,0,0,0,0,0,0,0,0,0,0,0,1,0,0,0,0,0,0,0,0,0,0,0,0,0,0,0,0,0,0,0,0,0,1,0,0,0,0,0,0,0,0,0,0,0,0,0,0,0,0,0,0,0,0,0,0,1,246,214,0,0,0,0,0,0,0,0,0,0,0,0,0,0,0,0,0,0,0,2,0,0,0,30,1,0,1,0,1,0,0,2,0,0,2,0,0,1,0,0,0,0,0,0,0,0,23,0,0,0,0,4,4,4,0,0,0,0,0,0,0,0,3,1,0,0,0,0,0,0,0,0,0,42,0
1,5,22542,22462,69,44,32,7329,7329,21,40,40,27,36,8,2,1,46,11,1,56,32,1,7,2,1,1,1,1,44,42,1,45,53,57,54,1,85,1,2,43,51,43,1,1,48,51,43,51,41,41,2,42,49,41,41,40,56,81,146,37,31,30,3,2,37,94,5,1,1,1,1,6,11,3,14,3,38,22,5,0,1,3,23,0,0,14,107,0,0,0,10,0,3,0,0,0,9,0,1,1,2,1,41,1,2,3,35,40,33,22,22,34,23,21,70,23,23,22,65,246,10777,8886,15,69,7,7,11,21,16,1,2,6,0,28,5,0,23,18,7,3,3,51,19,2,0,792,114,5,326,0,5,26,90,38,23,7,92,10,92,65,1887,414,74,23,11,21,16,30,65,62,3,3,3,154,154,154,1,22,23,1,62,5,5,45,21,22,27,2,1,1,3,2,1,8,2,757,10
0,5,5333,5238,11,26,5,2505,2508,107,99,99,10,8,1,0,0,20,5,0,499,3,2,0,0,0,0,0,0,19,105,0,34,22,24,9,0,18,0,0,1,30,9,0,0,15,6,2,20,1,1,0,1,3,4,4,3,8,9,6,4,115,117,2,10,99,140,0,0,0,1,0,8,0,2,41,0,5,7,1,0,0,2,1,7,0,5,20,2,0,0,3,0,0,0,0,0,3,0,0,0,0,0,0,0,2,0,10,8,10,5,90,7,5,6,15,9,7,5,38,3,1079,461,12,8,1,1,4,2,1,1,3,221,0,2,0,0,1,4,108,0,1,19,16,0,0,672,16,1,68,0,10,4,317,8,1,0,34,83,9,12,13,1,17,2,1,13,0,185,41,17,2,1,0,66,66,66,1,76,0,0,18,115,3,33,1,198,7,0,18,2,2,0,2,7,2,455,6
2,5,655,613,1,0,0,372,372,0,0,0,0,1,0,0,0,0,0,0,1,0,0,0,0,0,0,0,0,0,1,0,0,2,0,0,0,0,0,0,0,0,0,0,0,0,2,0,0,0,0,0,0,0,0,0,0,0,0,1,0,0,0,0,0,0,2,1,0,0,0,0,0,1,0,1,0,2,0,0,0,0,0,0,0,0,0,2,0,0,0,0,0,0,0,0,0,0,0,0,0,0,0,0,0,0,0,0,1,0,0,0,1,0,0,0,0,0,0,1,1,242,220,2,0,0,0,1,0,0,0,0,0,0,0,0,0,0,0,2,0,0,2,1,0,0,9,1,0,8,0,0,1,9,1,0,0,0,0,2,1,0,0,0,0,0,0,0,0,4,0,1,0,0,3,3,3,0,1,0,0,0,0,0,1,2,0,0,0,0,0,0,0,0,1,0,0,0
1,6,27341,27209,41,18,7,10592,10579,29,10,10,9,16,5,2,2,10,11,3,70,32,5,5,3,3,0,0,0,10,17,3,10,21,17,20,4,39,3,2,11,19,11,2,1,14,49,9,58,11,11,1,12,12,11,10,11,22,32,85,18,6,6,1,3,10,78,12,7,3,2,3,15,8,2,23,0,30,70,5,0,1,2,6,0,0,14,31,4,0,0,21,0,0,0,0,0,12,0,3,1,1,1,83,3,3,4,26,43,19,4,4,14,6,5,131,4,6,6,31,179,12171,11271,9,13,10,5,24,12,19,1,1,6,0,72,1,11,47,11,3,0,4,207,27,1,1,977,104,4,605,1,8,642,229,39,655,1,389,100,82,72,2626,1524,38,645,4,31,641,62,89,37,8,32,0,97,97,95,0,22,565,1,37,4,19,14,13,9,119,0,3,0,2,0,1,15,1,1642,46
0,6,5473,5434,23,5,2,2983,2954,12,11,13,43,17,4,3,3,7,16,3,195,6,3,3,3,3,4,4,4,21,409,4,13,16,6,9,3,41,4,2,1,7,5,2,2,8,7,1,20,1,1,2,1,3,4,1,1,1,7,10,5,11,11,5,5,8,33,4,2,3,3,3,4,3,5,26,5,10,9,5,0,0,5,1,1,0,3,17,0,0,1,6,0,0,1,1,1,7,0,3,4,0,0,1,0,2,4,11,3,6,0,0,7,1,0,52,2,2,1,43,8,1404,422,10,11,0,6,15,14,3,0,1,32,1,6,0,0,4,2,8,0,1,15,18,0,0,340,8,0,71,0,6,4,280,12,4,0,69,3,23,4,12,10,4,17,13,3,3,220,33,3,8,1,0,22,22,22,0,4,12,0,3,1,6,73,5,75,15,0,28,0,2,0,0,10,1,739,11
-1,6,683,667,1,0,0,466,464,0,3,3,2,7,0,1,1,0,0,0,1,0,0,0,0,0,0,0,0,0,0,0,0,0,1,1,0,1,0,0,1,0,0,0,0,0,0,0,0,0,0,0,0,0,0,0,0,0,0,0,0,0,0,2,0,3,0,1,1,0,1,0,0,0,0,0,0,0,5,0,0,0,0,0,0,0,0,13,0,0,0,0,0,0,0,0,0,0,0,0,0,0,0,1,0,0,0,0,1,0,0,0,0,0,0,0,0,0,0,0,1,108,89,3,1,0,0,2,0,0,0,0,0,0,3,0,0,1,0,2,0,0,0,1,0,0,20,5,1,1,0,2,0,2,11,0,0,6,0,0,5,0,2,6,0,1,0,0,1,8,6,1,0,0,1,1,1,0,0,0,0,6,0,0,0,4,1,1,0,0,0,0,0,0,1,0,24,0
2,6,461,373,0,0,0,350,350,0,0,0,0,1,0,0,0,0,0,0,1,0,0,0,0,0,0,0,0,0,5,0,0,1,0,0,0,0,0,0,0,0,0,0,0,0,0,0,2,0,0,0,0,0,0,0,0,0,0,16,0,1,1,0,0,0,3,0,0,0,0,0,0,1,0,1,0,0,0,0,0,0,0,0,0,0,0,0,0,0,0,0,0,0,0,0,0,1,0,0,0,0,0,0,0,0,0,1,0,0,0,0,0,0,0,0,0,0,0,0,0,63,58,0,0,0,0,1,1,0,0,0,0,0,0,0,0,0,1,0,0,0,0,0,0,0,17,0,0,8,0,0,0,15,0,0,0,1,0,2,0,0,0,0,0,0,0,0,0,7,0,0,0,0,3,3,3,0,0,0,0,0,0,1,1,0,2,0,0,0,0,0,0,0,2,0,27,0
1,7,35733,35564,130,103,64,11746,11752,776,726,725,698,128,12,7,7,67,12,8,61,65,7,6,8,7,3,3,3,114,244,6,108,113,145,186,9,231,14,8,138,125,114,7,3,118,105,46,104,72,72,4,69,70,90,49,58,75,81,188,57,768,766,9,9,724,760,13,8,6,6,7,38,6,8,91,10,33,84,28,1,1,8,11,11,1,17,35,7,1,1,44,1,40,5,6,6,19,1,6,3,3,6,13,5,7,9,746,714,703,696,703,689,670,705,893,722,677,732,7,1660,15568,14091,42,95,160,27,92,9,77,1,1,7,0,40,11,100,33,295,27,10,3,560,122,1,1,1264,209,2,468,2,14,3026,698,84,2921,5,983,1598,708,179,5021,3818,51,2783,8,36,2887,77,129,48,61,11,4,139,140,140,0,78,2638,5,52,10,25,26,24,68,168,1,5,1,0,0,0,27,3,3132,116
0,7,12790,12524,39,17,13,10456,10446,28,11,11,19,13,6,2,2,43,6,2,203,3,2,2,2,2,2,2,2,13,6210,2,21,32,36,17,2,42,3,2,18,18,15,2,2,16,11,5,24,15,15,2,14,10,11,10,6,14,50,11,17,18,18,3,12,9,19,2,3,3,2,2,13,2,5,66,2,13,10,3,0,1,5,1,4,0,9,10,2,0,1,8,0,1,0,0,0,7,0,2,3,2,1,5,0,2,2,82,27,12,8,9,15,8,10,23,7,9,7,5,14,989,362,24,17,1,4,6,0,7,0,0,13,0,3,0,0,15,9,13,0,3,24,33,0,1,449,22,1,103,1,7,13,140,34,11,0,86,35,41,10,23,12,15,10,1,9,5,288,58,15,25,3,0,67,67,67,0,3,11,1,15,2,5,54,1,20,28,2,46,0,0,0,1,16,2,604,12
-1,7,1775,1752,2,1,0,1312,1313,0,12,12,9,11,0,0,0,0,2,0,2,0,0,0,0,0,0,0,0,0,1,1,1,2,0,0,0,1,0,1,0,1,1,0,0,0,0,0,3,0,0,0,0,0,0,1,0,0,0,4,0,7,7,9,0,12,2,1,0,0,0,0,0,0,2,0,2,0,6,0,0,0,4,0,0,0,2,30,0,0,0,3,0,0,0,0,0,0,0,0,0,0,0,7,0,0,0,2,0,1,0,0,0,0,0,0,0,0,1,0,4,217,195,4,0,0,0,3,0,1,0,0,0,0,9,0,0,2,0,9,0,1,11,1,0,0,106,16,5,13,0,2,5,12,15,0,0,20,0,5,9,1,0,9,0,0,1,0,12,21,6,1,1,0,5,5,5,1,1,0,0,6,1,3,1,3,3,0,0,4,1,1,0,0,1,0,47,5
2,7,652,497,0,0,0,560,558,1,1,1,1,0,2,0,0,0,0,0,1,0,0,0,0,0,0,0,0,0,9,0,0,0,0,0,0,4,0,0,0,0,0,0,0,0,3,0,0,0,0,0,0,0,0,0,0,0,3,13,0,0,0,1,0,1,3,0,0,0,0,0,0,0,0,0,0,0,0,0,0,0,0,0,0,0,0,0,0,0,0,0,0,0,0,0,0,1,0,0,0,0,0,0,0,0,0,1,0,0,0,0,0,0,0,0,0,0,0,0,7,48,21,0,0,0,0,0,0,1,0,0,0,0,1,0,0,0,0,1,0,0,1,0,0,0,32,3,0,23,0,1,0,17,0,0,0,3,6,12,2,0,1,0,0,0,0,0,0,5,0,2,0,0,5,5,5,0,1,0,1,0,0,1,10,0,0,1,0,0,0,0,0,0,0,0,41,1
0,8,10065,9908,44,15,8,8203,8189,30,23,25,27,25,8,6,6,16,8,6,130,12,6,6,6,5,6,6,6,18,3680,6,13,18,14,10,4,23,4,6,6,9,10,6,5,5,27,4,28,4,4,3,4,8,7,4,7,3,20,25,9,14,14,14,21,17,19,9,6,6,6,6,10,6,6,52,8,11,8,6,0,0,8,2,0,0,12,22,1,0,0,5,0,2,1,1,1,2,0,4,5,2,2,2,1,6,8,135,43,10,3,2,10,3,3,10,3,8,1,10,45,933,335,9,29,0,2,7,1,7,0,1,17,0,7,0,0,10,2,18,0,3,36,40,0,0,400,27,1,104,0,17,10,161,19,11,0,127,8,33,21,34,15,20,11,0,7,6,240,53,18,19,1,0,96,96,98,3,5,6,2,19,5,10,44,7,53,32,0,42,3,5,1,6,9,7,636,16
1,8,34408,34261,138,103,33,13210,12960,324,95,95,43,88,12,5,5,96,22,6,76,36,6,5,6,5,1,1,1,93,1097,5,93,113,99,120,6,1194,7,7,92,107,94,5,3,97,112,89,98,87,87,5,87,88,87,88,94,94,92,132,90,470,471,7,7,74,80,13,6,5,7,6,20,6,6,765,2,24,56,4,2,1,8,7,2,1,27,251,4,0,0,25,0,20,3,3,10,26,0,5,3,2,4,7,5,11,5,290,75,50,126,45,58,100,33,607,231,24,336,12,2291,11849,8935,80,14,15,12,110,20,135,9,9,3,0,6,16,272,29,155,15,6,5,580,149,0,0,1358,109,6,1196,1,15,2811,482,113,2510,11,841,2234,2290,53,3666,3014,45,2355,17,119,2426,52,199,42,39,15,2,252,255,255,0,28,2281,2,41,15,17,44,15,14,214,2,2,5,0,4,0,19,0,4497,138
-1,8,943,933,1,1,1,595,595,1,5,5,14,4,0,0,0,0,1,0,1,0,0,0,0,1,0,0,0,0,2,0,0,2,0,2,0,0,0,1,0,2,0,0,0,0,0,0,7,1,1,0,1,0,0,0,0,0,4,0,0,4,4,15,3,5,3,0,0,0,0,0,0,0,0,2,0,1,2,0,0,0,0,0,0,0,0,2,0,0,0,0,0,0,0,0,0,0,0,0,0,2,2,5,0,0,0,2,1,0,0,0,1,0,0,0,0,0,0,3,0,229,210,2,1,0,0,3,0,0,0,0,0,0,5,0,0,4,1,15,0,1,2,1,0,0,24,3,0,7,0,0,0,14,30,1,0,35,0,3,2,1,0,2,0,1,1,0,6,7,0,0,0,0,3,3,3,1,2,0,0,0,2,4,2,1,1,3,0,2,1,1,0,1,0,0,91,1
2,8,1119,847,0,0,0,833,833,1,0,0,2,0,3,0,0,1,0,0,2,0,0,0,0,0,0,0,0,0,9,0,0,0,0,0,0,37,0,0,0,0,0,0,0,0,2,0,1,0,0,0,0,1,0,0,1,0,1,2,0,3,3,0,0,0,3,0,0,0,0,0,0,0,1,1,0,3,0,1,0,0,1,0,0,0,6,0,0,0,0,0,0,0,0,0,0,0,0,0,0,0,0,0,0,0,0,0,0,1,0,0,2,0,0,0,0,0,0,1,90,125,51,1,1,0,2,3,0,1,0,0,0,0,0,0,0,0,0,1,0,0,1,1,0,0,43,1,0,15,0,0,1,20,2,0,0,13,89,36,1,1,1,0,0,0,0,0,2,4,0,2,0,0,5,5,5,0,2,0,0,0,0,0,2,0,0,1,0,0,0,0,0,0,0,0,52,1
0,9,4204,4042,37,29,2,2807,2791,71,18,15,20,6,6,2,1,40,4,17,43,5,1,1,1,1,1,1,1,32,621,1,12,26,24,27,1,43,1,1,18,20,16,1,0,20,12,12,19,7,7,0,7,18,10,9,11,10,26,20,12,3,3,13,35,17,16,3,2,1,2,1,2,3,2,108,1,6,6,5,0,0,3,1,0,0,23,2,2,0,0,7,0,0,0,0,0,3,1,1,1,1,1,1,0,3,2,69,34,3,5,5,6,4,2,15,4,3,1,10,32,737,224,13,24,0,2,8,0,7,0,0,4,0,41,0,0,24,0,41,0,0,39,31,0,3,204,5,2,68,0,23,7,139,18,7,0,93,12,87,4,26,14,5,12,3,6,1,263,43,2,9,1,0,26,26,26,2,4,5,0,3,2,10,38,5,58,11,1,23,3,2,1,3,1,3,548,16
1,9,44573,44453,183,124,71,12517,12297,348,95,95,76,252,38,33,34,119,49,30,147,89,32,32,32,31,28,28,28,95,2418,30,93,108,109,111,49,1433,33,34,122,100,99,32,31,99,154,92,140,90,90,32,90,88,100,84,100,90,105,163,92,1025,1027,32,37,41,91,25,27,25,27,25,53,24,24,1389,25,45,38,27,6,7,25,30,8,7,43,435,9,5,7,45,6,6,14,15,17,55,5,25,23,18,17,8,16,25,14,52,60,43,22,22,38,20,22,706,22,20,22,56,9650,13876,8729,141,23,6,13,80,24,675,11,9,3,0,43,10,453,36,233,25,12,13,3742,218,4,0,2333,152,10,1258,2,28,4538,995,61,3978,9,733,9485,3280,70,4620,4365,69,3803,20,133,4058,69,192,56,18,5,3,166,169,170,1,18,3696,5,56,14,19,97,28,6,282,5,6,5,0,4,0,43,2,5786,267
2,9,1959,1577,2,0,1,1072,1069,11,0,0,0,0,4,0,0,0,1,0,7,0,0,0,0,0,0,0,0,5,82,0,0,10,0,2,0,53,0,0,0,3,0,0,0,0,2,0,8,0,0,0,0,0,0,0,0,1,7,0,2,23,23,0,0,0,1,0,0,0,0,0,0,0,0,2,0,1,2,1,0,0,0,0,0,0,5,0,1,0,0,3,0,0,0,0,0,0,0,0,0,0,0,0,0,0,0,0,1,0,0,0,1,0,0,0,0,0,1,3,492,342,59,5,0,0,0,4,0,2,0,0,0,0,0,0,0,0,1,2,0,0,6,5,0,0,55,3,0,27,0,0,10,7,2,0,0,98,489,105,2,1,1,1,1,0,0,0,3,16,1,2,0,0,5,5,5,0,1,2,0,1,1,3,9,0,0,2,0,0,0,0,2,0,1,0,122,1
-1,9,925,918,4,0,0,564,563,1,110,110,128,1,2,0,0,0,1,0,5,0,0,0,0,0,0,0,0,0,1,0,0,0,0,7,0,0,0,0,0,1,0,0,0,0,0,0,5,0,0,0,0,0,0,0,0,0,5,0,0,0,0,124,1,110,3,0,0,0,0,0,0,0,0,3,0,0,0,0,0,0,0,0,0,0,1,3,0,0,0,0,0,0,0,0,0,0,0,0,0,0,0,1,0,0,0,1,3,0,0,0,1,0,0,0,0,0,2,2,5,191,187,8,0,0,0,0,1,0,0,0,0,0,104,0,0,5,0,128,0,0,8,1,0,0,51,3,0,3,0,0,1,130,12,2,0,149,1,4,2,1,1,1,2,0,0,1,8,9,1,0,0,0,0,0,0,0,0,1,0,1,6,1,0,11,0,1,0,0,0,0,1,0,0,0,124,0
0,10,3990,3873,133,17,6,1942,1911,97,34,34,81,26,8,1,1,34,4,1,36,3,1,0,2,1,1,1,1,42,171,1,16,30,17,26,0,61,0,1,9,16,18,2,1,10,13,8,15,5,5,1,5,6,3,3,5,14,31,11,16,17,17,37,45,33,20,3,1,1,1,1,4,1,6,178,1,3,10,9,3,0,6,3,1,0,21,6,0,0,0,21,0,0,0,0,0,12,0,0,1,0,0,6,0,1,1,108,23,6,5,7,14,8,5,17,6,5,3,7,76,1107,491,22,24,2,4,17,0,18,0,0,8,0,121,0,0,11,2,162,0,1,42,27,0,0,193,10,1,85,0,21,45,190,24,31,0,235,56,204,8,74,58,7,62,1,36,23,414,66,7,7,2,0,8,8,8,7,11,25,0,6,10,15,49,5,30,17,0,28,8,7,0,9,12,8,665,106
1,10,75748,75689,222,160,54,16171,15933,760,336,336,319,489,34,17,18,277,54,21,219,165,16,16,29,16,15,15,15,178,4679,17,153,186,194,156,23,2241,17,13,148,158,149,11,9,104,396,137,218,131,130,7,130,140,160,140,177,150,174,301,142,2467,2465,12,26,115,241,15,16,8,8,7,89,9,9,1802,5,40,64,31,10,11,12,32,17,15,91,376,24,10,10,162,7,8,14,15,15,146,5,9,1,7,5,13,8,7,16,187,150,138,104,104,136,100,100,676,104,101,110,130,24133,21244,13059,165,33,18,22,82,14,1526,23,25,2,2,69,8,113,89,407,112,2,55,10773,389,3,3,3682,411,22,1546,0,75,9520,1150,85,8340,5,1417,23935,5957,140,9467,9233,157,8075,64,143,8566,127,393,160,43,12,7,237,240,238,2,157,7062,24,154,29,44,173,47,5,473,1,11,7,2,9,0,110,1,9360,361
2,10,3625,3354,4,0,0,1050,1036,29,1,1,1,7,6,0,0,1,1,0,2,1,0,0,0,0,0,0,0,4,113,0,1,1,1,0,0,49,0,0,0,1,0,0,0,0,8,0,4,0,0,0,0,0,0,0,2,0,17,2,0,46,46,0,0,1,3,0,0,0,0,0,0,0,0,10,0,0,2,0,0,0,0,0,0,0,2,0,0,0,0,1,0,1,0,0,0,0,0,0,1,0,0,0,0,0,1,2,5,1,2,1,14,1,1,2,1,1,4,1,1822,557,59,2,0,0,0,12,0,1,0,0,0,0,4,0,0,6,6,11,0,0,46,3,0,1,1070,2,1,31,0,0,38,11,3,13,0,246,1813,169,1,7,7,0,6,0,1,6,6,64,0,11,0,0,10,10,10,0,3,8,0,0,0,0,32,0,0,5,0,0,0,0,0,0,5,0,290,1
-1,10,1163,1141,2,0,0,563,563,7,140,140,263,1,2,0,0,0,3,0,0,2,0,0,0,0,0,0,0,7,9,0,1,1,1,0,0,4,0,1,0,0,0,0,0,0,1,0,4,0,0,0,0,1,0,0,0,0,3,4,1,2,2,223,3,140,7,0,0,0,0,0,2,0,0,36,0,2,1,0,0,0,0,0,1,0,1,0,1,0,0,0,0,0,0,0,0,0,0,0,0,0,0,5,0,0,0,2,0,0,0,1,1,0,0,0,0,0,4,4,22,300,302,4,0,6,0,1,0,2,0,0,1,0,236,0,0,6,1,289,0,0,19,5,1,0,44,2,0,5,0,2,11,278,23,2,1,291,15,11,1,1,1,1,2,0,0,1,2,16,1,0,0,0,1,1,1,0,2,1,0,1,1,1,5,9,0,5,0,2,0,0,0,0,0,0,155,0
1,11,106295,105662,213,54,31,20006,19535,3533,2604,2604,2628,537,88,6,6,555,116,5,368,144,5,4,24,5,2,2,2,97,6250,5,34,108,91,75,10,3958,7,5,35,49,27,7,2,30,378,20,349,23,23,3,19,44,42,28,48,44,68,230,55,6054,6053,11,14,2351,2597,31,30,5,6,4,111,5,11,2308,5,74,112,44,1,9,12,26,15,1,200,742,49,1,1,88,1,3,4,6,6,239,0,4,1,5,5,28,4,14,20,2485,2345,2413,2360,2349,2328,2343,2292,2932,2353,2333,2353,71,32393,36306,24711,171,82,343,30,145,11,1527,3,4,3,0,121,3,38,162,1596,159,0,53,14793,519,4,2,4215,832,9,1989,1,129,19634,1655,188,17876,5,2339,31984,9397,178,19342,19099,157,17205,59,211,18071,172,918,167,90,25,1,330,330,328,0,432,14826,11,163,42,109,336,64,13,524,1,11,4,4,11,0,98,5,13096,424
0,11,5787,5637,247,89,13,2704,2667,216,69,69,88,37,32,6,6,98,20,10,85,9,6,5,6,6,6,6,6,193,113,6,72,106,54,46,5,116,4,5,31,33,69,5,5,48,33,22,49,6,6,5,6,24,21,25,27,21,53,30,75,38,38,37,124,63,45,11,6,6,6,6,13,6,4,533,6,8,15,4,2,1,4,3,1,0,153,13,1,0,2,12,0,0,0,0,1,9,0,4,5,2,2,6,4,1,4,191,27,20,13,13,19,16,10,34,14,13,16,57,98,1950,606,29,33,6,52,68,0,19,0,0,39,0,129,0,0,48,7,388,0,1,90,62,1,1,381,14,4,97,0,17,68,310,28,39,0,366,59,457,6,80,81,8,94,6,51,40,966,50,6,15,3,0,19,19,19,6,10,35,0,6,8,16,81,13,68,33,1,130,7,8,0,6,27,6,1390,134
-1,11,1180,1166,7,4,1,280,279,9,456,456,592,2,3,0,0,1,0,0,5,1,0,0,1,0,0,0,0,4,11,0,1,2,2,1,0,5,0,0,1,1,1,0,0,1,2,0,3,0,0,0,0,2,1,1,1,1,1,3,5,3,3,668,1,456,5,0,0,0,0,0,1,1,0,3,0,0,0,0,0,0,1,2,0,0,4,0,0,0,0,3,0,0,0,0,0,1,0,0,0,0,0,0,0,0,1,2,4,1,0,0,0,0,0,0,0,0,0,0,21,746,680,4,1,2,0,2,0,3,0,0,0,0,631,0,0,4,0,611,0,0,114,8,0,1,36,1,1,9,0,0,3,680,11,4,0,693,12,5,0,3,3,0,4,0,7,3,6,6,0,0,0,0,3,3,3,0,0,1,0,0,0,2,1,3,0,4,0,4,0,0,0,0,3,0,85,2
2,11,1853,1805,4,1,1,916,900,35,10,10,8,3,11,0,0,1,0,0,7,2,0,0,0,0,0,0,0,8,132,0,2,2,1,2,0,21,0,0,1,1,1,0,0,1,4,1,8,1,1,0,1,3,1,1,1,1,26,2,1,80,81,6,0,9,12,0,0,0,0,0,0,0,1,6,1,2,2,0,0,0,1,0,0,0,16,1,0,0,0,1,0,0,0,0,0,0,0,0,0,0,0,0,0,0,0,8,14,6,6,7,6,6,6,6,6,7,6,0,464,281,19,1,2,1,13,1,0,1,0,0,0,0,2,0,0,1,61,4,0,0,60,11,0,0,284,4,3,80,0,0,32,18,6,65,0,149,456,264,3,6,7,4,8,3,0,5,0,4,4,3,3,0,4,4,4,0,2,7,0,4,2,2,80,0,0,10,0,0,0,0,0,0,5,0,162,3
0,12,10272,9781,333,187,21,4547,4462,642,632,635,672,246,79,3,3,392,57,4,117,8,2,2,5,3,3,3,3,407,186,4,95,101,158,76,2,221,2,5,47,62,64,2,3,42,74,60,102,23,23,3,23,54,30,31,37,38,79,53,74,239,238,284,339,628,272,7,4,3,4,3,47,3,3,1128,7,47,20,7,0,1,3,8,3,0,61,4,12,0,0,19,0,1,1,1,1,5,3,2,3,4,4,16,2,1,12,716,273,244,255,256,256,247,238,271,256,240,219,71,197,3668,882,63,93,56,26,53,0,16,5,1,92,0,379,0,0,88,100,1069,0,6,445,91,0,8,756,16,4,171,0,31,139,739,126,114,0,640,55,844,13,134,137,12,125,8,181,111,1194,112,12,20,7,1,20,20,20,153,164,101,1,12,142,142,542,6,317,87,13,193,151,151,0,140,35,138,2459,56
2,12,2271,2285,1,1,0,1047,1018,148,127,127,125,5,30,0,0,8,14,0,5,1,0,0,0,0,0,0,0,8,177,0,0,2,1,4,0,16,0,0,0,0,0,0,0,0,3,0,6,0,0,0,0,4,0,0,2,0,22,0,1,343,347,4,1,127,138,0,0,0,0,0,126,0,0,18,0,1,2,0,0,0,0,0,0,0,5,4,0,0,0,1,0,0,0,0,0,1,0,0,0,1,1,3,0,0,0,131,133,120,124,112,123,123,121,121,121,123,122,0,511,352,27,2,1,15,0,2,19,4,0,0,0,0,4,0,0,5,136,12,0,0,102,9,0,0,232,6,0,90,0,3,45,21,14,80,0,190,493,339,5,3,3,4,3,0,0,3,12,3,4,1,2,0,12,12,12,0,7,3,0,4,0,7,250,2,0,7,0,0,0,0,0,0,0,1,225,2
1,12,142432,141293,693,225,39,37211,36795,21828,19585,19582,19156,245,468,13,13,5586,196,13,511,304,14,12,28,12,8,8,8,351,7338,13,161,120,147,90,19,5427,12,11,31,73,29,10,6,38,395,31,572,25,25,9,26,140,46,35,28,41,118,402,101,23666,23650,108,56,19011,19082,39,82,14,13,13,138,13,33,3258,16,165,245,46,1,6,67,59,36,0,189,391,23,0,2,111,0,5,1,1,1,476,1,11,7,11,11,95,6,43,85,19233,18710,19599,19077,19066,18657,19024,18648,19417,19059,18959,18710,172,35248,46653,35582,268,134,2744,42,346,16,799,3,2,3,0,352,3,39,239,8518,532,5,101,14716,726,2,5,4090,366,21,2633,2,91,25108,6955,1047,21906,2,3041,34956,15081,241,23908,23633,229,22020,78,513,22213,348,837,222,173,40,35,572,574,574,7,1053,20098,2,223,77,250,1312,245,95,849,3,34,51,11,34,8,273,14,14765,899
-1,12,2095,1933,18,4,1,275,274,21,1447,1445,1358,3,1,1,1,13,2,0,14,1,1,1,0,1,0,0,0,3,2,0,4,1,3,2,0,19,0,0,1,2,0,0,0,3,2,0,5,0,0,0,0,0,1,1,0,0,2,2,14,17,17,1460,0,1442,27,1,0,2,1,0,2,0,0,16,5,1,1,2,0,0,0,2,0,0,34,1,0,0,0,31,0,0,0,0,0,1,0,0,0,0,0,0,0,0,0,17,23,16,16,16,18,16,15,20,16,16,16,0,29,1513,1568,8,0,23,0,5,0,1,0,0,0,0,1528,0,0,4,12,1386,0,0,445,3,0,1,40,5,2,19,0,2,9,1431,11,8,0,1546,8,17,2,9,8,2,6,0,0,8,29,6,2,2,0,0,2,2,2,1,4,9,0,2,0,0,5,6,0,6,1,0,0,0,0,0,4,0,22,2
1,13,236379,231413,3066,1998,250,99094,97465,81177,76548,76478,74818,654,723,174,170,17081,398,170,1105,652,165,160,179,161,142,142,142,1081,10754,159,900,502,636,274,152,9229,146,147,248,336,224,114,107,214,855,215,1760,188,171,151,169,225,232,193,197,237,355,831,284,78923,78836,1092,189,75509,73052,220,207,167,169,166,603,192,213,4610,193,605,423,207,12,27,222,153,45,6,348,405,66,6,7,199,6,12,10,9,14,508,9,131,124,135,126,152,92,118,217,74364,73950,74860,74377,74191,73523,74100,73753,74247,74234,73485,72852,504,30854,78102,63882,868,213,14470,89,987,47,510,44,44,35,1,1726,6,2830,440,22548,3049,9,150,13749,1265,17,24,5986,627,44,6996,13,260,40570,19844,3867,35450,26,4982,30016,26079,449,37401,37972,573,35771,145,677,36157,1037,1966,558,407,93,29,876,878,876,72,2290,32115,11,546,248,453,1770,256,380,1271,20,148,119,127,88,76,496,118,17354,1291
0,13,14684,13962,916,612,145,6940,6818,2059,3195,3192,2860,747,172,47,48,773,154,48,251,64,50,46,47,45,46,46,46,855,531,46,591,334,492,287,42,490,39,39,221,259,257,35,41,233,219,232,276,174,170,40,171,254,186,176,183,172,245,205,274,1303,1306,1300,678,3140,1410,54,48,48,47,49,293,48,39,580,56,175,44,60,0,1,49,4,3,0,91,44,8,0,3,45,0,0,0,0,0,17,0,39,39,56,56,10,40,38,53,1737,1159,1198,1134,1122,1147,1139,1139,1111,1120,1106,1051,91,268,4914,1825,204,521,548,89,137,1,24,2,3,196,0,1454,0,3,64,232,3289,1,3,1487,100,6,81,892,23,6,237,0,26,225,2454,663,198,1,1511,125,1874,17,214,218,18,212,11,544,188,2338,191,16,41,9,0,28,28,27,532,566,184,2,15,555,538,877,12,672,98,5,542,537,523,3,524,71,534,1901,52
2,13,8219,8206,34,56,8,2834,2731,1556,1538,1538,1493,20,39,4,4,30,75,4,32,24,4,4,4,3,4,4,4,23,723,3,33,6,9,11,4,55,4,4,5,17,5,4,4,5,20,5,28,6,6,4,5,11,5,5,5,6,24,8,5,2145,2146,58,5,1533,1561,2,3,3,3,3,167,3,2,34,4,14,2,4,1,3,2,13,1,1,14,5,5,1,2,7,1,1,1,1,1,13,1,3,3,3,3,3,3,2,1,1441,1466,1425,1428,1426,1415,1423,1433,1428,1419,1442,1432,11,2553,1331,121,8,4,242,1,19,21,8,0,0,0,0,78,0,0,18,926,125,0,2,832,13,0,4,364,22,1,178,0,10,485,186,81,77,0,495,2482,910,17,25,25,19,25,2,13,24,61,98,19,7,7,0,55,55,55,5,10,25,0,18,17,43,528,4,12,45,1,21,5,6,0,5,9,5,499,7
-1,13,2196,1954,71,16,4,417,414,62,1164,1164,1247,13,3,2,2,8,9,3,19,3,3,1,3,3,3,3,3,8,7,2,7,4,5,3,10,17,3,3,3,4,6,3,3,6,4,2,12,2,2,2,2,4,3,8,4,2,6,7,16,41,41,1389,3,1158,57,4,2,1,2,3,1,1,3,9,4,3,5,1,1,0,2,2,1,0,27,3,0,0,1,25,1,1,1,1,1,2,0,2,3,1,1,0,1,1,18,40,37,42,37,38,38,38,37,39,38,39,41,6,8,1357,1499,6,4,62,2,5,0,3,0,0,0,0,1395,0,0,33,12,1293,0,0,499,5,1,8,20,6,0,18,0,1,11,1332,6,10,0,1480,4,55,5,10,10,2,11,2,7,10,96,5,2,0,0,0,5,5,5,7,7,11,0,2,12,9,6,3,7,6,0,6,7,7,0,5,1,5,9,1
0,14,16411,15298,1974,1525,391,8740,8600,3832,5364,5348,4886,2094,181,12,12,1415,134,12,318,24,19,12,11,12,12,12,12,1308,240,13,937,862,619,867,9,1018,6,8,310,302,295,7,7,317,268,777,567,216,222,9,212,755,209,205,211,214,235,234,362,2131,2134,1126,501,5341,2282,16,14,12,12,12,508,12,6,483,25,301,26,73,0,7,13,18,9,0,92,14,5,0,0,218,0,1,1,1,2,17,0,5,9,22,21,9,7,9,30,2445,1893,2033,1954,1952,1904,1958,1918,1840,1941,1687,1802,60,244,3842,1603,338,608,989,135,136,2,24,2,2,46,0,1290,0,1,57,241,4821,1,12,2683,131,0,146,668,34,8,335,3,33,193,2622,695,208,5,1437,140,1480,18,171,182,16,188,21,1863,164,3457,120,14,30,4,5,37,37,35,1817,1932,160,2,13,1936,1812,2087,3,1898,108,1,1885,1877,1853,4,1821,76,1839,1512,20
1,14,240998,235929,5388,3645,98,127843,123703,121434,118587,118556,115560,1511,594,38,37,22171,432,39,1403,436,45,39,47,34,32,32,31,807,6942,26,1891,401,844,158,55,7711,42,45,136,231,121,42,31,124,906,121,3989,109,92,49,88,174,149,126,120,132,318,665,247,115417,115197,2442,326,118159,109666,85,91,30,31,30,1083,42,36,3421,223,597,438,91,31,78,52,235,59,6,502,125,72,6,8,168,6,11,7,6,13,437,6,30,42,40,32,239,25,46,151,113031,112325,114001,113373,112877,111797,113003,112136,112552,112775,111211,110561,485,18044,69285,60273,1615,453,30352,36,1264,60,329,24,33,6,0,4872,1,18,278,28863,7770,6,267,11643,900,4,130,5002,688,47,10072,10,402,32330,26150,9833,26522,9,5857,17088,21571,513,27558,28507,492,27108,154,1053,27485,2096,3326,458,375,81,20,524,523,523,735,2685,24383,8,455,918,1070,2187,240,942,1041,33,849,780,760,70,754,505,799,10498,754
2,14,24502,24359,19,116,1,15509,15237,14715,15489,15488,15159,70,79,1,1,28,182,1,17,58,1,1,1,1,1,1,1,25,1163,2,92,6,22,6,3,113,1,2,19,9,1,1,1,1,22,1,78,6,6,1,0,7,1,2,1,17,55,9,4,15026,15025,826,7,15474,14456,2,4,1,1,1,117,5,2,41,13,31,5,3,0,0,2,153,1,0,32,7,0,0,0,46,0,5,0,0,0,20,0,1,1,2,2,3,1,9,0,14234,14430,14262,14270,14359,14282,14343,14318,14301,14255,14367,14201,17,3913,2721,1065,48,23,3147,0,28,2,8,0,0,0,0,1106,0,0,115,6815,1178,0,4,1445,16,0,26,618,33,0,438,0,19,869,1228,916,87,0,1276,3837,1266,19,29,32,34,20,6,38,27,61,116,38,14,20,0,24,24,24,28,31,27,0,37,53,94,513,48,39,94,1,35,30,37,3,28,15,28,515,8
-1,14,1300,1109,161,17,1,464,463,67,549,549,563,25,1,0,0,14,2,0,20,1,0,0,0,0,0,0,0,6,4,0,3,3,3,1,4,10,0,0,1,3,2,0,0,2,1,1,7,2,2,0,1,1,1,1,1,1,1,4,20,45,45,586,1,549,52,0,0,0,1,0,0,0,0,12,0,4,1,2,0,0,0,3,0,0,2,1,1,0,0,8,0,0,0,0,0,1,0,0,0,0,0,0,0,0,21,44,45,50,48,44,43,43,45,44,43,45,44,0,15,534,606,4,1,30,0,2,0,4,0,0,0,0,568,0,0,4,30,597,0,0,265,4,0,34,13,3,0,14,0,6,4,522,5,3,0,602,0,38,1,3,4,1,4,0,20,3,185,6,1,1,1,0,5,5,5,16,19,2,0,1,21,22,23,0,21,1,0,18,20,18,0,18,2,15,6,4
1,15,373735,365226,10388,7593,684,268451,251852,258848,269034,268967,257626,6938,601,70,73,25920,420,104,4283,592,96,69,103,75,63,63,63,2312,7115,86,6252,1715,1656,1120,91,8599,72,77,796,1002,771,71,72,830,1785,1018,14722,688,668,115,656,1021,643,647,629,620,859,1446,1023,245189,244707,5512,893,268814,244911,93,104,43,37,39,2867,59,48,2562,160,967,909,134,48,95,55,419,107,37,872,71,135,40,39,490,37,37,46,47,45,426,35,34,137,93,80,234,26,50,137,246563,244706,245907,247695,246002,243874,246235,245118,244657,244112,242398,241464,445,8235,74336,67686,5762,831,83221,107,2239,103,480,35,47,37,0,13784,10,20,1229,53863,27274,6,738,16294,1030,9,397,5337,1673,208,21627,21,1324,29159,34563,34925,19571,5,9871,7137,29475,679,19934,20595,1300,19683,409,6197,19956,7181,13394,662,548,243,17,882,880,873,5928,7581,17306,10,645,6245,6266,7100,347,6268,1256,129,6065,6027,5991,176,5978,673,5707,5995,787
0,15,28363,27115,3420,3228,1270,14418,14428,8343,13399,13353,12338,5201,147,5,5,4588,71,4,635,39,21,5,4,2,8,8,8,5102,183,4,2429,3924,1443,3812,7,3771,5,4,1214,1136,1106,1,1,954,1014,3389,1661,409,407,1,405,2878,283,288,309,269,360,581,753,4885,4883,2551,256,13345,5493,11,3,1,1,1,731,4,1,406,47,359,48,116,4,14,1,18,41,2,104,5,9,5,3,1004,4,5,1,0,0,24,3,1,1,25,25,9,1,4,60,5255,5409,5455,5293,5458,5395,5525,5152,4621,5358,4071,4611,40,408,5848,3206,1317,2366,2216,818,431,2,36,1,1,23,0,2811,4,3,122,543,9388,1,61,6225,83,1,414,610,86,15,412,4,137,210,5311,1419,243,3,3019,107,1139,71,107,123,66,135,22,5015,102,5778,264,67,42,7,4,56,56,54,4281,5065,115,3,67,5109,4915,5024,18,5090,664,1,5056,5066,5037,4,4947,123,4889,1131,98
2,15,35414,34885,49,27,7,30750,29306,30303,32464,32463,32006,97,73,1,1,47,42,2,8,133,1,1,1,1,3,33,3,80,430,13,170,18,49,8,2,67,1,1,43,10,8,1,0,2,13,8,62,55,55,1,0,13,2,2,4,23,38,11,23,30359,30393,1502,3,32449,30248,39,31,0,0,0,123,3,3,56,47,97,40,10,1,2,24,497,5,1,9,4,1,0,1,168,0,34,0,0,0,84,0,0,0,1,1,4,0,0,0,30085,30277,30119,30164,30255,30126,30212,30122,30111,30025,30216,29546,7,1408,2470,2056,139,23,7376,4,46,0,10,0,0,0,0,2247,0,0,98,12039,2442,0,11,964,33,0,42,388,59,2,977,0,59,215,2182,2479,25,0,2160,1385,367,31,10,32,36,5,25,54,8,84,356,37,20,47,0,83,83,83,47,60,44,0,37,93,66,385,98,49,48,3,45,48,56,0,46,6,46,105,97
-1,15,2389,1860,257,23,10,910,907,253,1236,1236,1160,326,1,0,0,42,1,0,159,1,0,0,0,0,0,0,0,36,2,0,60,33,34,25,12,34,0,0,24,26,29,0,0,23,7,9,34,11,6,0,6,19,32,27,21,25,22,27,159,146,146,744,1,1230,146,0,0,0,0,0,2,0,2,8,3,12,1,1,0,0,1,2,0,0,11,0,3,0,0,7,0,0,0,0,0,0,0,0,0,0,0,0,0,0,23,149,141,206,200,137,138,136,139,130,137,134,128,3,11,728,818,15,3,36,1,16,0,5,0,0,0,0,603,0,0,68,29,1089,0,2,419,1,8,265,33,7,0,28,0,4,9,778,32,1,0,738,2,49,3,1,1,1,1,3,244,1,362,21,2,3,0,0,3,3,3,191,231,2,0,1,250,230,250,1,241,4,0,249,248,247,0,225,3,208,7,1
1,16,387652,381706,9078,8618,3191,318960,295084,299605,332231,332177,308563,19939,173,13,10,21003,232,62,6975,423,42,7,30,8,7,7,8,5821,8241,52,10510,5478,4649,4853,20,8136,10,14,3800,4207,3741,32,5,4153,5048,4688,23808,3463,3444,57,3413,2582,1516,1492,1510,1481,1788,2612,2498,282989,282556,4901,1190,332175,284654,50,57,19,4,22,3063,22,38,1423,78,1139,678,161,4,28,39,411,101,9,951,57,61,2,10,668,2,9,8,8,10,374,2,3,106,38,35,130,3,26,435,289303,288230,287582,289262,289262,287470,288375,289189,287229,285536,285101,282074,662,2883,50220,46456,10939,2727,113062,2070,2251,63,583,15,43,20,0,18381,22,38,1592,54893,44741,107,764,24458,970,4,499,4848,1974,295,30118,9,1515,17003,24678,58219,4635,33,10844,1583,27342,795,4578,4837,1379,4780,755,19491,4658,19530,19870,686,534,223,19,931,929,930,19149,19874,4041,7,670,19629,19678,19784,418,19417,2945,185,19212,19336,19289,117,19009,889,17639,2336,896
0,16,39991,38773,6905,11744,3568,17475,17456,8696,17040,17031,16127,8928,152,55,89,13171,60,48,1040,60,42,136,51,24,48,48,48,15276,153,41,12329,14373,10794,13037,48,12609,46,11,10382,10592,10527,1,2,8741,8814,11202,3539,4630,4636,5,4608,5859,3216,3197,3241,2997,3376,3567,3704,5012,4999,2135,268,16993,5322,27,8,4,5,12,532,8,37,197,69,326,84,61,25,41,37,59,88,34,101,48,27,43,12,653,42,43,30,30,29,46,42,0,3,13,13,12,1,7,536,5422,5375,5435,5413,5325,5354,5396,5367,5161,5434,4415,4972,40,2021,4630,2714,7207,8535,2459,6745,2290,8,38,6,5,3,1,2496,15,0,246,515,12029,1,119,9756,73,1,787,619,159,313,636,4,98,148,4308,1559,150,4,2724,103,836,123,34,57,73,51,27,8887,25,9176,373,71,54,16,2,174,174,173,7859,8741,29,10,69,8945,8688,8228,21,8728,5246,10,8840,8900,8883,4,8670,126,8528,347,68
-1,16,3202,2539,583,44,12,1829,1821,354,1843,1843,1656,994,0,0,0,60,6,0,445,10,0,0,0,1,0,0,0,40,4,1,53,28,29,21,17,31,0,0,16,19,20,0,0,22,10,15,44,17,14,0,14,16,13,13,13,11,14,21,455,237,237,491,1,1833,216,0,0,0,0,0,9,0,0,8,5,13,12,0,0,0,0,1,1,0,25,0,3,0,0,18,0,0,0,0,0,1,0,0,0,0,0,0,0,0,49,242,217,308,303,211,217,212,218,216,216,216,207,4,28,611,590,12,6,40,5,18,0,2,0,0,0,0,454,0,0,47,47,1385,0,4,908,1,11,685,38,6,0,51,0,5,9,620,28,1,0,576,5,51,6,1,3,2,3,4,751,1,873,32,2,1,6,0,6,6,6,631,690,2,0,2,755,691,729,1,781,13,0,758,762,760,1,674,1,596,1,0
2,16,21088,20855,91,85,55,19471,17693,19296,19962,19960,19914,131,78,0,0,128,8,0,5,47,1,0,1,0,1,39,1,122,142,7,350,95,251,78,2,90,0,0,76,85,53,0,0,70,102,86,81,230,230,0,64,45,31,37,37,87,80,51,78,19175,19190,541,1,19951,19209,44,4,0,1,0,112,0,4,59,53,82,10,5,0,5,41,234,1,0,33,7,1,0,0,25,0,44,4,1,1,17,0,0,0,1,2,5,0,2,0,19231,19303,19291,19284,19338,19229,19324,19263,19143,19266,19324,18907,8,214,908,815,176,63,5293,38,45,0,11,0,1,0,0,882,0,0,39,7107,1267,0,22,287,52,0,5,198,65,22,582,0,6,22,863,1231,15,0,899,186,109,47,0,29,34,3,42,17,0,38,191,32,13,45,1,32,32,32,14,29,7,0,31,192,30,257,53,15,71,4,15,14,14,4,14,9,13,31,303
1,17,287254,284199,28105,33596,22959,227629,207326,214032,235314,235169,223137,16477,55,16,14,38824,219,50,4058,325,146,14,24,14,12,12,11,33787,4490,89,37296,33689,33402,33174,27,33965,13,29,32753,33110,32715,75,12,33434,32964,32363,27552,31133,31050,53,30926,24861,24470,24414,24438,24074,24590,25009,25451,201847,201633,2723,1488,235265,201924,64,60,21,13,14,1586,26,64,1229,62,832,1063,102,5,15,65,383,88,4,692,35,61,6,10,489,3,8,9,8,8,582,7,8,150,38,37,36,9,28,1102,206671,207166,207624,208310,208532,206651,206882,207400,206519,206789,205602,202152,16337,5575,18875,16849,13489,8836,86234,7843,5491,146,1001,18,58,14,2,8400,277,26,1053,29946,29355,806,720,17944,720,3,414,3536,1510,752,15477,7,653,5097,10488,36507,627,95,7496,582,10418,868,470,608,1072,745,829,16385,437,16333,10414,690,390,134,17,993,991,990,15906,16325,432,13,670,17799,16388,16296,311,16272,4345,85,15997,16184,16198,96,15626,1048,14658,1326,1002
0,17,39102,38216,9444,15140,3435,16581,16488,7303,16795,16779,15154,9964,139,42,53,14647,53,37,824,45,28,46,36,17,35,35,35,17328,167,72,16499,16196,15111,13792,37,13867,29,11,13815,14678,14990,2,1,12078,11759,12151,3580,6212,6200,3,6183,6892,6330,6617,6660,5609,6607,6489,6912,4518,4521,1566,131,16776,4808,26,6,3,9,7,313,9,30,221,32,334,75,38,19,37,33,45,46,21,69,17,34,26,11,427,27,30,20,20,20,41,28,1,2,5,5,14,1,4,630,4056,4048,4060,4029,4067,3997,4025,3998,3968,4016,3912,3875,59,2759,3863,1936,7625,8978,2131,7204,3123,5,50,5,3,8,0,1808,21,19,256,330,12296,4,100,10661,75,2,700,660,127,579,598,3,68,157,3726,725,32,5,2139,184,599,98,15,36,63,47,34,10001,16,10073,380,60,54,32,7,116,116,116,9135,9845,23,15,60,10194,9782,9173,33,9833,4735,8,9973,10021,10038,14,9773,338,9602,297,75
-1,17,3962,3344,778,238,61,2049,2046,309,2842,2842,2336,1465,7,0,1,261,3,0,564,11,1,1,0,1,0,0,0,300,4,3,338,232,235,237,8,231,0,0,174,218,244,0,0,244,226,222,71,182,182,0,180,165,163,185,182,176,194,173,726,260,260,835,2,2834,257,1,3,1,0,1,16,1,0,8,2,34,6,12,0,0,0,2,0,0,62,0,3,0,0,28,0,0,0,0,0,2,0,0,0,0,0,3,0,0,29,241,225,284,274,220,231,220,223,222,223,216,215,1,45,934,965,56,58,30,49,28,0,5,0,2,0,0,903,0,0,100,40,2132,0,6,1443,2,0,757,54,14,2,65,0,4,3,962,23,3,0,975,1,38,11,0,1,8,0,3,1095,0,1115,29,8,3,5,1,13,13,13,1049,1065,14,1,8,1103,1102,1177,0,1111,41,0,1138,1109,1126,10,1043,11,935,4,36
2,17,18847,18424,787,968,595,16789,14734,16925,17208,17204,17339,138,51,0,0,988,5,1,13,25,5,1,1,6,0,0,0,1086,33,0,1190,1019,1140,998,0,1002,0,0,890,976,767,0,0,742,1005,960,263,998,989,1,837,855,728,804,810,821,823,836,847,17031,17052,267,1,17202,17064,0,4,0,0,0,66,1,1,40,8,95,17,3,0,3,1,46,0,0,26,0,3,0,0,17,0,1,0,0,0,43,0,0,0,0,0,2,0,3,2,17032,17000,17068,17020,17115,16808,16882,17066,16945,17033,16813,16908,8,170,373,330,236,195,5623,181,222,0,3,0,0,0,0,339,1,0,14,5084,747,0,31,265,57,0,0,197,52,547,680,2,11,11,336,972,3,0,402,13,30,34,2,6,38,4,471,77,0,78,91,35,2,22,0,32,32,32,51,61,7,0,34,203,58,316,16,58,70,2,48,55,55,2,57,11,55,7,258
1,18,231804,229717,118043,136526,72568,79704,73510,75293,83057,83025,80341,8510,47,19,12,138298,118,75,1872,139,106,14,52,11,7,7,7,139633,1351,54,142237,139517,138520,138849,14,137855,23,44,137872,138393,137915,17,14,137140,133324,132681,61527,128242,128123,46,128006,115032,114877,114689,114928,113761,113837,114887,113402,68551,68523,2213,1989,82958,67366,65,24,13,14,15,706,17,27,1127,25,406,579,72,0,11,27,129,72,1,312,38,42,11,4,1007,2,1,1,1,1,341,0,12,52,27,21,7,12,35,2167,70302,69743,70743,70751,70811,69509,69815,70343,70074,70441,69614,68581,69049,15533,7225,4750,24699,23781,27581,22394,16511,2216,5235,548,603,12,0,2694,2326,23,733,7985,15795,5949,284,9277,525,2,319,3418,1599,5483,5884,3,854,1303,6042,12083,203,1904,4721,231,3122,1040,99,205,1357,258,3778,8544,119,8838,2942,1014,160,154,201,1623,1627,1627,8198,8496,122,378,977,10604,8536,8341,682,8370,7933,315,8323,8413,8417,464,8032,1840,7784,1043,682
0,18,41618,40615,13497,16584,5037,18117,17972,6299,20093,20054,18333,13583,287,51,40,16326,73,45,1353,58,49,45,45,39,48,48,48,18126,159,82,17884,17598,17516,16451,43,15856,42,34,16212,17450,16775,25,25,15542,14169,14253,4980,10259,10204,23,10194,10741,10568,10573,10641,9934,10579,10557,11067,3422,3415,1862,227,20082,3701,17,13,6,4,5,154,7,43,293,21,269,115,16,31,40,47,81,66,40,114,4,38,40,28,834,38,43,36,36,36,58,39,2,3,5,2,24,1,8,949,3100,3156,3117,3090,3105,3112,3039,3063,3021,3086,2973,2983,76,2845,3549,2107,6559,6400,1566,5706,3191,6,75,4,2,14,2,2024,20,7,364,212,16080,29,88,14077,105,12,1226,769,162,519,668,2,87,172,3326,661,20,41,2323,161,493,116,2,29,117,37,74,13414,2,13663,313,116,80,28,8,159,159,159,13145,13381,27,13,105,13930,13324,12872,31,13335,2870,17,13476,13508,13516,12,13317,1955,13166,397,111
-1,18,6527,6030,2355,2263,766,2630,2618,345,3312,3312,2814,2121,45,2,0,2271,6,2,632,9,4,0,0,0,1,1,1,2565,0,1,2577,2487,2443,2415,1,2416,0,0,2342,2439,2480,0,0,2405,2276,2258,317,2120,2105,0,2104,1754,1753,1820,1800,1718,1827,1746,2144,252,252,598,7,3309,337,0,2,0,2,0,4,1,2,10,3,23,14,4,0,0,3,5,0,0,66,0,2,0,0,23,0,0,0,0,0,7,0,0,0,1,1,1,0,0,57,324,224,308,337,212,229,268,220,298,299,284,212,14,549,727,685,672,643,18,658,577,0,8,0,0,0,0,646,1,1,51,11,2579,2,6,2008,14,0,734,72,30,47,70,0,5,3,722,16,1,2,734,2,7,28,0,1,90,2,19,1655,0,1666,49,91,3,14,1,18,18,18,1647,1649,262,1,89,1679,1646,1791,13,1647,108,1,1721,1671,1744,24,1633,57,1513,2,46
2,18,12247,12284,3226,5025,3346,6762,5415,6923,6822,6811,6887,112,7,0,0,5020,1,0,3,5,1,0,0,0,0,0,0,5057,8,0,5218,5116,5176,5117,0,5070,0,2,4813,5076,4388,0,0,4321,4717,4541,482,4395,4367,0,4304,3392,3080,3352,3411,3381,3300,3397,3360,6979,6983,35,0,6806,6839,0,0,0,0,0,13,0,0,18,0,16,23,1,0,0,0,9,0,0,6,0,4,0,0,17,0,0,0,0,0,49,2,0,0,0,0,0,0,0,8,6943,6908,6928,6969,6984,6781,6825,6917,6832,6950,6930,6826,95,1467,64,49,1763,1733,2766,1728,1488,0,5,11,12,3,0,43,1,0,2,1805,288,4,12,115,23,1,1,90,32,2755,354,0,11,0,51,146,2,0,141,7,7,22,0,5,27,2,1826,61,0,56,63,27,4,2,0,108,108,108,51,56,1,1,24,122,55,138,4,52,277,1,50,53,53,1,51,62,49,4,104
1,19,552711,547795,417706,472424,279398,54183,53047,53216,56117,56217,51790,17251,11271,11214,11203,466422,11388,11349,12470,10525,11156,11182,10501,11074,10781,10780,10777,482580,6817,10787,482224,481696,475510,478653,7417,473462,7446,6113,475872,474684,471964,5583,5698,460611,454890,452461,178472,430244,430377,6361,429993,403108,401576,403017,403210,399462,399035,400413,389706,46961,46940,9131,6249,45105,46143,11351,11190,11177,11150,11158,12586,11173,11136,1208,10996,10823,634,10494,47,72,11082,174,91,46,459,9997,269,57,51,2913,48,55,49,48,51,339,70,7329,5671,5955,5935,62,4932,4818,5789,36941,36794,37176,36944,36924,36930,36644,36890,36570,36965,36251,36063,130923,54136,7388,3692,70077,74704,10046,68228,49863,24926,30095,28049,28259,2963,1,4371,24934,167,2038,5084,12239,34034,414,8146,755,1221,413,11163,6075,16483,5922,22,11731,948,6469,5284,729,16738,7995,2496,1996,2563,560,651,4696,982,9918,5768,568,5844,3554,2651,253,454,3458,5691,5689,5695,5389,5841,658,9292,2545,7614,5711,5608,10514,5433,25307,8624,5464,5401,5496,10246,5254,9887,5121,1473,5319
2,19,13925,13812,9374,12731,7750,987,802,997,1038,1038,987,215,6,1,1,12726,6,1,6,4,1,1,1,1,4,4,3,12884,8,1,12855,12878,12878,12661,1,12733,1,1,12619,12820,10403,1,1,11492,12486,12391,1713,12283,12216,1,12201,9351,9116,9422,9420,9268,9322,9407,9249,1119,1115,14,4,1035,1031,13,1,1,1,1,12,1,1,29,1,6,15,4,0,0,1,4,0,0,5,1,8,0,0,39,0,0,1,1,1,5,0,1,1,1,1,2,1,2,3,984,983,990,992,983,986,993,976,958,993,994,976,1078,3213,31,15,3407,3404,453,3408,3278,32,11,1807,1793,1,0,13,15,0,15,235,62,11,3,43,17,0,5,199,76,4349,131,0,38,2,18,32,1,9,146,3,13,40,1,1,24,44,3158,28,0,40,192,28,17,1,5,973,974,970,24,30,3,3,27,41,30,31,3,26,156,2,28,27,29,2,27,86,26,12,60
-1,19,7805,7215,4346,4129,1690,2384,2373,250,2465,2465,2345,2106,116,0,0,4075,4,0,681,12,5,0,0,0,0,0,0,4548,2,0,4721,4550,4519,4468,0,4435,1,0,4344,4494,4558,0,1,4388,4112,4069,621,3842,3827,0,3825,3645,3619,3747,3727,3640,3762,3589,3700,107,106,98,2,2464,247,0,1,0,0,1,14,1,0,31,1,27,7,4,0,2,3,0,1,0,32,0,5,0,1,5,0,0,0,0,0,5,0,0,0,3,3,2,0,0,141,131,77,215,133,66,71,91,68,88,103,82,67,25,622,247,124,788,782,6,766,692,13,20,24,25,0,0,104,41,18,20,12,2257,14,6,1642,30,0,666,126,76,50,80,0,14,1,245,5,3,1,170,1,13,65,0,2,156,2,28,1580,0,1595,51,157,6,11,4,35,35,35,1518,1574,486,33,157,1606,1583,1618,26,1569,110,33,1612,1598,1639,16,1548,86,1589,3,20
0,19,58981,57983,27617,32784,10547,16446,16317,7477,16493,16490,17508,12028,742,252,246,33098,285,277,1252,294,272,247,260,275,109,109,109,34675,457,247,34351,34416,34051,33503,242,32104,230,227,32653,33906,32384,203,216,31039,30011,30125,10982,24478,24417,213,24443,23792,23605,23671,23722,23163,23559,23516,23385,2488,2482,2027,556,16297,2918,275,263,274,230,244,389,249,228,752,216,568,135,172,11,20,217,55,26,13,183,245,32,13,14,724,10,17,1,1,1,64,14,222,209,114,121,21,143,225,2513,2802,2602,2590,2531,2606,2619,2496,2572,2558,2547,1895,2415,182,5213,5705,1870,10269,10104,1099,9545,5728,68,148,123,119,46,0,1739,203,8,664,110,15442,88,74,12359,159,9,974,1490,292,981,805,0,170,190,4438,641,47,476,2262,94,629,215,17,50,182,75,239,11692,14,12036,480,183,237,40,15,245,245,242,11547,11553,44,157,181,11968,11612,11093,88,11592,4378,146,11727,11700,11656,27,11532,4404,11316,1198,443
0,20,61100,60390,41520,47893,15508,7570,7538,4372,8003,7995,8701,6428,666,17,13,47820,49,10,653,28,15,12,10,8,7,7,6,49922,47,8,50036,49897,49806,48945,14,48261,7,31,48424,49810,48249,10,11,45967,45812,45602,14878,40066,39935,10,39977,39218,39171,38925,39107,38457,38799,38607,37681,985,985,708,56,7985,1085,26,17,11,5,9,175,36,60,493,23,160,109,28,0,2,60,25,21,2,139,11,29,1,1,185,0,0,0,0,0,73,1,7,8,17,13,18,5,32,1951,666,635,895,592,597,652,573,590,608,590,580,577,496,6722,2625,590,10529,10312,412,10285,7062,316,365,886,887,3,1,554,963,11,403,96,8299,306,78,6589,198,5,606,2301,374,1327,625,9,267,61,2491,176,17,842,1557,8,172,290,3,29,239,41,443,6484,2,6479,417,230,249,44,27,235,236,237,6311,6286,89,747,224,6492,6374,6178,197,6339,3479,719,6358,6410,6373,150,6250,5547,6036,106,798
1,20,781359,777235,650452,741401,478958,8645,8624,8032,8509,8645,10199,1800,68,23,16,742633,435,50,458,668,42,23,44,12,18,19,19,761887,189,34,757879,760808,753631,757254,40,745034,64,53,752437,753933,743536,15,27,736107,721493,718022,262599,694353,694588,21,693430,654640,662085,659266,641110,651800,634343,661727,639643,7739,7770,2241,441,8469,7810,269,38,16,20,20,1852,60,115,1329,42,132,812,96,2,65,130,175,35,2,536,79,259,2,106,1823,3,38,5,4,4,615,14,18,12,70,49,51,9,81,967,6937,6859,7040,6432,6423,7079,6377,6736,6397,6521,6244,6433,142921,71751,2214,1224,86621,91235,1743,84971,69548,53115,48092,41734,41669,19,1,597,60805,198,1010,733,3510,54734,806,2651,1313,16,179,18452,9661,27355,9003,27,26191,310,1830,1705,249,37955,8331,37,1116,3742,91,307,7301,748,15667,2812,119,1519,7751,3751,406,649,4461,5940,5917,5908,1139,1861,804,29710,3615,1941,1729,1383,22569,1135,22446,28070,1208,1155,1146,21437,1093,15120,1043,932,15750
2,20,22075,21945,17262,21593,15640,98,97,81,86,86,83,74,6,0,0,21576,1,1,4,1,0,0,2,0,2,2,2,21884,4,0,21943,21960,21854,21591,0,21831,0,14,21503,21854,19543,0,1,20433,21537,21340,4721,21022,20964,0,20957,17167,17227,17231,17359,16960,17195,17254,17078,120,121,12,1,86,89,8,0,0,0,0,19,1,3,8,0,6,9,1,0,0,5,15,0,0,26,0,7,0,0,30,0,0,0,0,0,6,0,0,0,5,4,14,0,3,0,93,85,81,78,77,88,78,77,75,77,80,82,2063,4225,20,5,4510,4568,45,4520,4387,202,51,3416,3386,0,0,5,38,17,48,21,14,46,8,27,83,0,3,635,143,5238,254,1,331,0,6,23,4,25,599,0,24,54,0,3,64,200,4216,32,1,30,451,62,96,4,13,888,889,889,5,87,21,13,57,9,29,19,32,6,269,6,7,6,6,24,6,116,5,7,86
-1,20,7586,7060,4803,4113,1674,2123,2119,480,2199,2199,2360,1999,78,2,2,4012,2,2,570,14,3,2,2,3,2,2,2,4409,24,2,4519,4378,4390,4321,1,4197,0,1,4181,4375,4370,1,2,3977,4080,4080,1268,3845,3821,1,3815,3858,3861,3878,3869,3801,3902,3778,3983,47,47,32,7,2199,143,2,1,1,1,1,7,1,6,50,1,37,8,12,1,1,6,2,2,1,21,4,6,1,1,7,1,4,2,2,2,12,1,0,0,6,6,1,0,0,430,41,35,114,42,31,36,32,30,26,33,33,31,20,382,435,38,470,475,10,462,424,54,19,38,37,1,0,24,228,19,41,12,2328,18,5,1458,26,0,631,214,95,78,56,0,33,0,450,12,13,23,100,0,47,79,0,1,97,0,71,1522,1,1534,125,99,10,5,1,34,34,34,1476,1450,488,205,99,1538,1499,1508,13,1551,85,206,1553,1541,1600,14,1426,84,1455,3,30
1,21,643466,639122,585057,624129,383744,718,756,885,717,818,829,734,20,14,16,621693,443,42,465,554,33,10,79,12,5,5,5,639911,132,16,637290,638902,637122,633081,50,626000,88,198,631943,636199,625139,16,37,618833,599306,594599,227322,593633,591608,19,590602,583978,583434,582041,582983,577844,576257,578505,564253,1129,1133,793,47,659,1288,236,46,16,16,32,1656,133,192,1421,68,108,1039,157,3,71,204,238,88,1,392,60,247,10,372,1205,3,20,12,10,27,999,61,13,14,127,116,62,9,88,272,988,916,837,446,482,1426,503,620,482,470,446,516,154556,56598,1523,1158,52702,53800,258,52003,45974,56578,41613,35241,34914,30,0,650,52637,758,1149,382,563,46748,660,2315,1554,12,91,17034,8650,25044,9506,18,28677,261,876,1383,285,39182,8516,26,611,4717,42,224,5859,1226,15049,2702,206,807,9102,4508,447,814,11692,4714,4700,4694,139,1133,1021,25398,4309,687,913,352,22371,160,9394,23147,222,154,141,21697,145,11840,135,809,17216
2,21,15524,15527,13925,15431,12473,11,10,7,9,9,9,16,2,2,2,15294,4,2,5,5,2,0,2,3,4,4,4,15512,2,1,15503,15574,15408,15251,2,15384,7,9,15158,15524,14703,2,2,14891,15006,14775,4828,14665,14633,2,14629,13762,13946,13838,13990,13524,13801,13959,13898,16,16,2,1,7,19,8,3,2,2,2,6,2,5,10,2,3,17,2,0,0,8,15,0,0,8,3,3,0,0,74,1,0,0,0,0,3,0,2,2,9,9,6,2,2,0,15,23,6,5,5,11,6,6,5,5,5,5,1794,1511,11,2,1613,1642,1,1603,1542,82,17,2497,2554,0,0,2,4,121,100,15,2,8,50,31,53,0,2,555,241,3675,231,0,469,2,12,29,2,5,517,0,10,97,0,0,113,27,3228,10,0,12,566,168,6,10,10,887,887,887,1,59,78,3,161,9,40,11,9,1,130,1,4,1,1,6,1,155,1,5,44
-1,21,6673,6374,5468,5065,2258,843,842,452,832,832,1211,803,67,1,1,5001,3,1,237,6,2,2,0,1,0,0,0,5113,12,1,5181,5008,5101,4960,0,4756,0,0,5000,5084,5028,0,1,3064,4804,4758,1781,4146,4112,0,4075,4837,4848,4868,4863,4738,4898,4738,4836,16,16,11,2,833,103,5,1,2,1,1,5,1,5,23,0,9,5,5,0,1,5,1,0,0,9,0,5,0,1,8,0,4,0,0,0,46,0,0,0,5,5,0,0,0,431,14,22,77,15,7,8,8,7,7,9,7,7,10,139,457,13,199,191,9,194,178,70,42,247,250,1,0,9,861,15,70,0,1198,39,10,568,8,0,232,582,69,540,51,0,30,2,435,35,3,26,64,0,27,57,0,2,72,2,354,565,0,575,114,73,7,8,2,59,59,59,556,551,295,772,73,568,552,568,21,559,31,787,558,565,612,16,547,45,581,6,67
0,21,55169,54376,44860,48075,18565,2444,2429,1990,2443,2439,2858,1908,359,21,20,48251,91,23,312,41,24,27,34,24,16,16,16,50890,63,21,51248,50585,50924,50193,21,49110,22,88,49453,51016,50232,23,21,47424,46539,46249,17544,42520,42361,23,42362,44357,44277,44150,44084,43225,43945,43827,41942,581,589,183,49,2415,674,45,27,33,18,21,184,60,35,353,27,82,94,71,1,2,36,23,9,1,121,29,25,10,1,51,0,2,0,0,3,64,4,21,20,19,21,13,15,59,971,216,237,369,187,188,246,185,188,196,190,183,189,242,4396,1081,137,6652,6589,172,6593,4653,237,357,1521,1501,7,0,92,877,14,205,56,2863,300,46,1915,306,4,277,2825,325,1225,656,3,333,12,1047,74,22,723,1065,2,60,263,2,13,214,52,544,2027,2,1877,418,210,695,43,32,205,207,206,1796,1812,67,704,196,1851,1869,2057,233,1817,2081,676,1818,1832,1819,181,1759,4873,1669,71,1339
1,22,601891,594471,564629,585555,412229,286,376,441,246,321,470,782,58,65,65,583988,531,93,691,445,59,58,153,52,49,49,49,599553,268,54,594126,595506,594869,591428,82,586503,102,493,593212,586357,582453,48,66,576935,559619,553461,237329,565147,563305,52,562163,563478,563319,561158,563562,559349,556664,553090,544538,574,572,550,52,156,1268,444,101,65,49,58,1668,270,269,2957,92,155,1256,225,6,111,278,241,181,14,496,97,218,6,488,1261,8,16,6,6,23,1082,28,44,43,276,287,111,41,210,156,818,604,459,145,140,1511,238,298,146,132,133,178,168042,50973,1279,905,31382,31493,79,30910,28625,55649,38279,41648,41226,58,5,768,46275,39760,1334,399,334,41800,622,2541,2137,17,63,16579,9631,28399,10327,40,30466,70,783,1938,305,32597,11125,35,744,6356,38,141,5479,1405,19688,2464,28,875,10297,5738,655,906,22300,4156,4157,4157,43,1225,1278,24588,5496,767,1511,267,23195,78,5378,21894,130,145,50,22906,52,11019,89,905,16576
-1,22,6471,6183,5694,5673,3139,541,539,120,519,519,461,333,47,6,6,5638,17,6,206,8,6,6,5,5,6,6,6,5737,11,7,5614,5528,5573,5290,6,4940,6,7,5416,5559,5546,5,6,3772,5227,5161,2020,4858,4847,5,4816,5427,5436,5460,5457,5172,5460,5418,5483,38,38,67,4,513,83,7,6,6,6,7,28,7,6,17,6,13,5,11,0,0,7,0,0,0,6,6,5,0,0,27,0,1,0,0,0,648,0,5,5,7,6,7,3,6,92,19,21,52,13,15,20,14,15,14,15,14,14,30,120,152,70,97,96,1,98,94,124,10,931,932,0,0,67,960,0,15,2,453,8,7,281,3,0,191,415,101,631,62,0,28,0,151,4,12,5,95,0,5,77,2,1,52,7,484,240,0,236,56,35,4,2,5,58,58,58,239,235,87,678,35,249,236,261,10,237,10,676,234,239,247,5,234,22,235,5,234
2,22,15259,15199,14208,15285,12424,5,4,3,2,2,2,9,0,0,0,15256,2,0,15,0,1,0,0,0,5,5,4,15220,13,2,15276,15308,15304,14921,1,15152,28,14,14966,15233,14474,0,0,14679,14094,13778,5385,14203,14198,0,14195,14063,14147,14059,14205,13782,14092,14143,14100,19,19,5,0,2,45,5,0,0,0,0,8,0,2,28,0,2,44,0,0,0,2,0,1,0,4,0,19,0,0,7,0,0,0,0,0,15,0,0,0,5,5,8,0,4,0,26,32,4,2,2,11,2,3,2,2,2,3,2129,1116,5,6,1113,1132,9,1108,1102,90,5,1969,1976,0,0,1,7,135,64,3,3,1,75,86,75,0,12,423,396,4541,356,0,499,0,7,19,0,8,355,1,5,172,0,0,180,134,3847,38,0,11,821,190,11,11,71,745,745,745,0,188,101,3,187,6,5,10,5,0,148,0,2,0,0,0,1,45,4,2,72
0,22,45199,44610,38709,41420,15670,592,600,622,543,542,743,438,109,21,21,41381,57,23,105,40,30,23,23,22,15,15,15,43632,66,19,43982,43815,43697,42722,17,41919,16,157,42303,43498,43292,18,17,41192,39916,39595,15380,36658,36511,18,36517,38696,38668,38757,38702,37717,38567,38219,36962,195,197,97,44,536,340,78,20,24,9,10,85,29,32,169,7,28,99,25,3,10,33,20,29,9,60,15,50,24,6,78,3,8,4,5,4,82,12,9,11,13,12,25,3,42,307,141,106,131,72,78,132,73,77,70,77,71,88,237,3194,379,152,4705,4891,82,4706,3337,260,564,1753,1746,5,0,26,1040,41,106,42,768,254,31,492,379,5,57,2553,263,1261,589,2,254,9,432,104,21,595,928,1,28,217,1,16,208,43,747,599,8,428,484,208,1724,56,50,246,246,246,345,388,69,825,200,377,446,518,170,358,1602,821,359,365,358,146,362,3535,345,53,1129
1,23,758049,752630,728549,746093,609503,1374,1615,1823,1374,1431,1612,2276,1248,1241,1231,742354,1706,1222,1747,1628,1186,1177,1298,1154,1117,1116,1117,755583,1664,1061,749506,752232,752109,749538,1045,744745,1005,2197,747615,727433,736708,1018,1060,733406,713950,706180,339918,723627,720306,1052,719407,725557,725947,723525,726127,721768,715543,695496,708395,1836,1834,1108,625,270,3026,1595,1172,1182,1126,1125,2600,1462,1537,7368,1091,1376,1397,1366,97,310,1548,322,375,108,1220,1015,494,114,1407,2030,103,109,100,101,154,1500,129,875,947,1157,1146,264,823,756,408,1076,1045,473,94,79,2386,166,265,93,103,76,233,227775,80151,1895,1465,26137,26330,167,25823,24851,70174,41094,72186,71015,494,23,1239,48783,111817,1904,626,448,43368,842,4232,4719,98,106,23532,15415,41594,13218,36,41702,102,1142,2571,705,33055,15058,19,635,10487,14,135,9643,2426,30612,3231,24,2009,17018,9870,1086,1771,54827,6334,6337,6325,24,1535,1705,26559,9350,1067,2321,637,28407,152,5296,23181,125,144,30,27595,83,18728,223,1156,20845
2,23,18078,18129,17452,18061,13918,50,49,53,43,43,43,56,50,47,47,17962,54,50,55,53,38,49,50,43,48,48,48,18010,52,33,18065,18018,18113,17709,48,17872,53,49,17656,18009,17156,46,42,17577,16380,15852,7834,16825,16821,43,16814,17185,17368,17331,17406,16951,17253,17161,17240,60,60,27,24,0,182,54,52,50,47,47,59,49,55,61,43,54,18,48,0,3,55,1,0,0,13,44,9,0,0,21,0,0,0,0,3,11,0,47,42,49,49,4,40,37,5,27,55,3,0,0,21,0,0,0,0,1,0,3305,977,50,2,695,721,3,688,689,249,40,2482,2508,1,0,6,15,71,49,6,1,2,20,463,175,1,1,550,498,4022,430,0,758,2,25,18,3,10,307,0,2,255,0,15,236,528,3373,73,0,56,1136,234,15,47,286,488,488,488,0,172,23,8,218,14,23,13,15,0,117,5,1,5,0,3,0,134,0,7,93
0,23,41912,41215,37665,38278,17729,639,636,686,504,504,607,594,479,475,457,37945,509,484,435,420,429,424,423,410,325,325,325,40502,410,406,40632,40550,40486,39443,374,38311,368,496,39221,40143,40189,363,334,38244,36932,36447,15583,33347,33175,341,33184,37488,37273,37382,37238,36436,37201,36866,35061,501,501,316,354,147,610,511,481,429,448,444,518,448,420,215,356,387,76,380,11,12,411,11,15,9,60,377,63,42,7,64,9,9,5,5,6,100,8,353,336,296,297,33,231,339,221,89,44,48,9,11,64,11,9,9,10,9,19,360,2359,285,64,2826,2895,38,2925,2269,418,273,2605,2584,52,0,34,1546,112,132,19,244,223,44,279,303,30,18,2209,283,1529,594,1,378,10,216,93,21,487,994,1,45,209,3,5,193,111,876,391,8,139,628,179,1423,34,98,209,209,209,96,144,40,911,176,117,167,177,196,103,892,913,103,101,99,167,103,2594,135,88,1060
-1,23,6288,6148,5898,5578,3993,1733,1732,1590,1739,1739,1252,1623,1566,1573,1574,4406,1555,1555,1585,1498,1540,1537,1457,1317,1477,1476,1477,4328,1151,1408,4380,4352,4358,4354,1218,4230,1191,1151,4335,4372,4254,1123,1137,3796,4070,3941,3101,4098,4083,1152,4075,4202,3936,4213,4215,4185,4209,4179,4236,1586,1586,1005,923,191,1527,1549,1540,1554,1549,1544,1622,1531,1522,25,1548,1503,10,1494,8,22,1539,9,7,23,10,1295,23,23,23,11,9,23,7,7,7,640,9,1189,1118,1171,1171,7,1036,958,128,26,5,18,4,4,9,3,4,4,4,3,4,31,187,47,7,154,157,0,154,145,190,22,799,822,261,0,61,963,0,16,1,114,21,9,74,14,6,91,289,64,373,124,0,18,0,38,9,1,9,35,1,0,51,0,0,36,13,300,61,0,58,72,35,3,7,5,33,33,32,57,56,26,249,35,66,70,79,11,58,14,249,54,58,60,10,55,56,68,1,178
1,24,938978,933691,920212,880272,817380,426239,426823,429724,420451,420404,364789,430092,429183,423412,421952,500872,418289,425858,414282,419508,412045,394732,402121,412117,398659,398452,398594,506517,379450,340662,504987,503540,504240,503225,369925,498956,369906,379868,500292,484748,492127,362042,362822,485000,474127,467778,627482,478418,475165,381063,473762,490757,489726,487570,490337,488071,483923,458324,479023,415369,415305,194834,211505,2376,404142,427971,426542,425904,421186,420132,423690,420144,417464,8957,415224,402806,3178,402498,1743,1970,411500,1954,2005,1758,2754,394400,2205,1816,2450,2690,1700,1831,1568,1564,1622,2574,1708,366187,362075,369837,369790,1872,321883,213994,119444,808,1002,373,45,75,1609,76,154,50,59,62,172,135491,57738,2256,1167,14060,14250,91,13970,13791,50995,38146,55679,54863,76025,18,55666,30857,55041,71137,816,448,26959,656,4481,4471,69497,131,18820,14352,29309,10594,17,30881,112,1228,1841,12693,21500,11723,18,594,10092,25,163,9238,2282,20691,5404,26,1607,14215,9191,1145,1657,43446,5538,5537,5514,21,1226,1133,16816,8818,656,2144,723,19031,99,3783,14817,131,38,19,18809,49,16064,479,720,15196
0,24,74210,73014,68251,62233,51901,34656,34690,36705,31688,31761,28530,36942,36557,35652,35860,33064,34837,36510,34300,35234,36000,35486,33373,33396,27554,27529,27541,35950,28757,32878,36111,35895,35603,34444,29601,33578,29776,28803,33917,35695,35842,28384,27861,33685,31641,31342,47621,28945,28742,28631,28642,33530,33457,33097,32741,31995,33831,33001,30391,28421,28430,26127,24274,3785,28473,32478,32297,32193,31170,31211,31310,30232,28068,4433,27529,28112,4477,28087,4015,4335,27932,4075,4230,4335,4148,26543,4313,4484,3995,3465,4202,4325,3426,3424,3379,4103,4443,25234,24878,19395,19560,4203,17575,22690,11268,83,50,38,9,15,71,10,27,10,9,9,39,580,2320,204,40,2302,2305,28,2622,2312,410,289,2197,2194,7186,0,913,1200,154,2282,78,152,179,128,319,242,2203,15,1646,355,1224,606,6,302,12,96,109,171,361,844,0,28,288,0,15,244,162,719,539,1,151,529,233,1772,525,264,203,203,203,119,113,43,486,223,111,131,160,187,79,609,461,75,80,82,127,87,1949,114,80,836
-1,24,10594,10313,10226,8651,8189,7176,7167,7154,7088,7088,5554,7151,7149,7163,7147,3270,7110,7123,6952,6927,6937,6742,6628,6135,6926,6925,6922,3281,5419,6604,3164,3149,3159,3165,5713,3136,5672,5546,3128,3168,3113,5471,5521,2620,2916,2830,7942,3004,2995,5514,2982,3049,3047,3074,3064,3031,3099,3041,3033,6829,6827,4858,4171,378,6672,6815,6806,6830,6819,6798,6911,6660,6592,324,6711,6665,284,6655,278,311,6589,273,267,314,237,5766,310,322,333,263,271,335,265,263,263,629,230,5340,5188,5312,5309,45,4046,4364,1561,9,14,8,1,1,1,1,1,1,1,1,1,33,106,26,6,92,95,0,89,99,150,38,527,531,973,12,201,876,114,359,5,25,16,7,19,31,321,11,188,67,245,131,3,15,1,11,19,26,8,30,0,1,64,0,2,47,6,165,7,0,19,80,44,20,3,11,31,31,30,13,9,5,167,44,8,12,13,14,8,11,174,5,9,7,13,6,70,9,1,84
2,24,22286,22267,21714,21194,18816,7705,7703,7994,5556,5556,4970,7996,7994,7968,7908,14140,7725,7959,7794,7947,7815,7984,7828,7641,7740,7739,7734,14255,7037,7636,14270,14273,14301,14029,7117,14139,7125,7017,13952,14272,13357,6441,4959,13705,13010,12537,14266,13306,13291,4959,13284,13579,13774,13735,13784,13471,13604,13510,13546,7717,7715,6352,6774,144,7782,7723,7742,7707,7712,7694,7705,7695,7664,339,5412,7677,284,7636,254,257,7661,260,257,249,266,6996,262,174,252,154,155,267,138,138,138,263,170,6844,4813,6845,6844,260,3982,6605,1579,8,9,10,0,0,61,0,3,0,0,0,0,2704,906,27,6,512,513,3,508,513,141,18,2182,2167,1041,0,620,32,188,462,68,4,3,5,304,334,447,0,485,617,2657,293,0,748,0,32,20,26,9,334,1,3,374,1,15,301,537,2105,67,0,27,939,318,10,40,348,456,456,456,1,106,26,26,310,14,9,8,30,0,72,10,9,3,0,6,0,129,1,19,32
1,25,1126631,1118719,1109217,1024220,1051917,1069496,1071566,1080445,1046113,1046003,966637,1084824,1082746,1074837,1068298,41600,1062414,1064162,1055903,1060683,1042582,1027035,1009148,1020692,1023453,1022836,1022849,39868,981784,973759,41089,39866,39629,39908,952718,39644,952258,981017,40024,39210,39194,965555,962176,37267,37781,36093,998783,38153,38035,988805,37722,39568,38231,37611,38004,38019,39396,34486,37090,983158,983065,745257,769170,57764,962701,1017870,1018277,1012734,1010682,1010758,998098,991750,969459,62964,984960,963083,62085,961835,60736,61314,928986,60925,60701,60995,61110,938245,60596,59964,60937,57128,59368,59988,56885,56860,56844,59328,58225,886987,907079,897860,897473,59827,809864,726012,493171,472,496,478,15,46,263,29,23,34,26,54,51,7780,4198,1323,499,1656,1728,33,1357,1853,2820,41636,6587,6470,122346,31,91724,1584,20785,106816,1282,47,1362,750,1402,12845,106395,53,11457,18787,3833,8447,20,3346,48,183,927,18298,1108,5665,22,125,14389,62,199,12376,887,3272,2282,13,202,4673,11831,2469,2198,2187,6073,6062,6051,140,411,271,885,11220,79,866,309,1230,36,1493,827,53,21,28,1073,24,1026,64,214,1002
0,25,111303,109713,107007,85478,98245,97794,97412,103645,86886,86913,78293,104037,103531,102952,103473,5166,101187,103630,99174,99818,102633,100854,96900,96030,79322,79294,79169,5513,80154,97981,5739,5602,5604,5423,85870,5185,85183,79975,5268,5767,5644,78600,77073,5114,4702,4685,70226,4529,4470,75499,4438,5039,4997,4773,4796,5044,5967,4949,4315,63402,63538,77995,67550,23125,64262,71888,71852,71120,70494,70736,67565,67927,63975,31626,62844,64298,32147,64143,29780,31678,64977,29092,31124,31535,30450,63156,30666,30900,28971,22320,27822,29219,21936,21925,21848,30050,27181,56663,55955,47808,48013,30496,46210,52131,25010,32,35,5,0,5,7,1,2,2,0,0,2,51,601,65,26,663,749,7,698,638,62,296,322,324,12116,5,1984,261,939,5134,67,27,16,796,150,137,4983,18,763,474,199,831,4,132,5,35,84,390,54,456,2,23,355,3,18,326,112,136,57,0,36,302,322,5515,4931,16,327,327,327,128,16,9,149,291,10,27,22,39,5,201,136,3,8,8,15,7,448,63,28,112
-1,25,7566,7504,7349,6206,6870,6931,6923,6979,6961,6961,5691,6996,6978,6826,6815,570,6787,6961,5865,6841,6687,6510,6558,5994,5875,5874,5850,525,5686,6348,524,521,521,533,5701,521,5634,5680,519,521,516,5599,5668,443,482,472,5529,495,491,5577,481,514,515,517,517,515,535,503,504,5183,5182,5016,4475,1509,5186,5445,5458,5442,5362,5396,5187,5366,5372,1484,5454,5189,1476,5183,1466,1421,5380,1438,1390,1417,1286,4570,1429,1400,1456,1442,1397,1427,1441,1441,1441,1373,1081,4224,4234,3866,3857,459,2688,3749,2682,5,1,0,0,0,1,0,0,0,0,0,0,4,10,7,3,5,8,0,4,6,9,18,69,68,536,36,137,50,53,396,0,3,0,10,10,17,385,2,62,100,20,55,4,9,16,2,10,11,0,27,0,1,79,0,3,63,1,14,0,0,8,19,64,40,22,0,45,45,43,14,2,4,20,61,0,1,2,1,0,3,22,1,0,0,0,0,8,0,0,4
2,25,26091,25986,25967,23629,25399,23792,23796,24502,16295,16295,15372,24599,24493,24620,24448,1447,23860,24285,24516,24509,24366,24521,23837,23619,24428,24423,24410,1421,22178,23661,1433,1431,1430,1415,22294,1415,22342,22301,1389,1429,1338,17790,15351,1356,1283,1252,18379,1302,1300,15348,1295,1415,1402,1411,1412,1396,1414,1396,1383,17755,17756,19410,20887,3710,17987,18226,18048,18181,18208,18203,17779,18088,18115,6402,12544,17961,6409,17950,6299,6382,18109,6254,6357,6351,6275,16133,6386,3724,6302,3419,3488,6322,3415,3413,3413,6337,3712,15995,11922,15440,15435,6313,7756,15904,7645,8,27,2,1,0,19,0,0,0,0,1,1,190,51,6,10,22,28,3,16,29,22,26,189,189,2130,0,1276,3,168,1435,156,3,2,20,35,2303,1389,1,318,296,505,178,0,72,2,5,16,67,0,103,0,2,177,1,7,242,48,403,5,0,5,255,236,52,53,32,137,137,137,1,18,2,0,223,0,4,14,5,0,11,0,1,0,0,2,0,14,0,5,10
1,26,803612,796702,797294,743292,758340,785672,788210,798581,766098,765757,717594,801518,801296,796665,793949,1605,791546,780733,788292,783550,783920,777871,764596,758444,762587,761983,762024,1515,741362,762803,1746,1834,1566,1615,734035,1928,731495,742194,1539,2203,1617,716291,713826,1462,2794,1353,540556,1537,1530,743333,1493,1733,1587,1539,1588,1511,1886,2261,1495,550772,550930,651731,657396,224672,535198,567739,568132,565764,566060,564578,556289,546419,547518,229639,538973,535827,229451,534634,227351,227874,524830,228219,226535,226138,225843,522307,222339,224930,225780,220041,221596,220318,219560,219542,219505,214180,217743,507255,503361,510480,510164,223388,466744,467385,379243,454,722,101,11,34,110,12,14,26,28,40,59,931,845,684,404,308,366,15,61,636,146,17339,265,348,41870,21,32655,69,11948,35472,975,11,50,1301,767,31269,35172,81,8819,30030,136,8499,18,916,29,205,1075,6602,69,4885,21,96,23664,18,218,20684,406,593,721,12,132,3666,19420,10178,9628,81,7012,7004,7016,478,293,168,34,18575,24,713,187,353,34,1038,44,48,6,11,36,34,437,29,210,227
0,26,61952,61336,60017,47696,58245,57852,57854,60614,52811,52814,46585,61006,60642,59689,59952,522,58917,60473,58809,59719,60138,59335,57869,57599,49307,49291,49235,542,47218,57628,570,552,529,472,53487,463,53052,47194,511,564,531,46286,46285,536,448,407,31983,420,421,46768,399,357,326,333,342,317,798,384,287,30776,30851,50334,42624,21681,30826,32645,32531,32314,32080,32208,31354,31489,30952,27742,30762,30813,28337,30752,25832,27840,31443,25716,27142,27798,26713,29877,25873,27089,25877,20987,26135,27008,20952,20947,20918,26385,26516,26433,26537,23569,23522,26839,22377,23865,13848,19,60,2,2,5,10,1,0,2,1,1,3,27,204,49,33,223,238,1,194,208,11,194,4,3,5759,3,665,6,347,1919,34,12,0,546,86,322,1873,22,472,800,6,578,1,64,1,18,53,138,4,318,1,38,631,1,16,507,62,30,12,0,31,237,500,3875,3746,6,290,290,291,149,12,4,7,463,6,16,13,38,6,82,8,5,1,4,5,1,75,19,13,21
2,26,23070,22797,22989,21583,21895,22428,22422,22626,16439,16434,14105,23002,22610,22961,22775,52,22494,22646,22597,22894,22518,22769,22037,21795,22411,22405,22370,46,21552,22274,44,52,49,51,21559,54,21597,21894,36,56,52,14875,14101,47,51,39,7630,25,25,14087,26,50,52,47,53,50,51,56,49,7275,7273,18198,19346,10721,7535,8453,7900,8232,8302,8195,7593,8405,8239,14593,5705,7490,14604,7487,14323,14497,8237,14273,14444,14429,14286,7301,14488,8332,14526,8218,8120,14137,8217,8217,8216,14469,8518,7397,5718,6698,6698,14312,3589,7787,4820,2,30,1,0,0,12,0,0,0,0,0,1,13,10,9,18,7,2,1,0,20,0,22,2,2,752,0,411,0,29,429,62,0,0,35,7,4428,401,0,182,595,26,214,0,12,2,4,21,16,1,93,2,0,422,0,25,541,1,26,1,1,3,91,520,61,68,0,230,230,230,12,6,2,0,505,0,21,7,5,2,21,0,3,1,0,1,1,11,2,2,6
-1,26,4369,4340,4136,3448,3808,4284,4268,4312,4279,4278,3426,4309,4316,4264,4220,37,4187,4296,3174,4194,3896,3976,3899,3423,3187,3186,3176,34,3414,3793,34,32,32,34,3323,35,3293,3432,32,37,33,3378,3401,33,34,30,2351,54,50,3376,33,32,36,32,32,30,44,34,31,2282,2282,2770,2456,1583,2336,2684,2706,2688,2672,2688,2318,2672,2666,1583,2694,2337,1581,2335,1574,1547,2664,1535,1390,1544,1492,2041,1537,1383,1551,1558,1407,1405,1556,1556,1556,1562,1082,1858,2000,1492,1478,705,1108,1795,1954,1,3,3,1,1,1,1,1,1,1,1,0,11,6,7,4,4,1,0,1,2,0,7,0,0,81,5,45,1,23,123,0,8,0,1,2,14,117,0,25,94,0,29,1,4,4,4,6,7,0,16,0,1,64,0,0,89,0,1,0,0,1,10,84,18,8,0,36,36,36,2,1,1,0,81,1,1,2,1,0,2,1,0,0,1,0,1,0,2,2,1
1,27,696632,691386,691698,657920,678402,681451,681671,694244,679530,679436,651624,696182,696057,693514,693541,623,689617,687515,684624,683983,686414,673347,669078,656496,666644,666094,666071,311,657348,669590,356,520,322,290,664284,489,662886,657069,300,1002,303,648885,649414,293,1946,234,140926,284,270,657096,268,292,431,316,349,274,699,959,361,138431,138444,635919,604823,542332,136781,146885,144161,143385,142706,142447,139324,139095,137048,548083,136633,136527,548309,136397,543514,545291,131233,546074,542513,538682,539390,133393,541434,539790,541858,528421,524875,514387,527803,527683,527597,493656,517815,135771,133100,130105,129985,535982,120498,122925,116675,420,1675,57,8,32,78,9,10,17,10,35,19,891,613,564,365,245,219,13,13,1032,51,3418,38,54,7782,37,5183,16,10989,5883,591,8,8,5297,295,65686,5401,2650,4972,42241,55,8390,46,1082,35,363,2000,1152,83,5093,23,136,35373,28,225,31756,142,693,172,6,78,3277,29404,30173,29411,20,8048,8050,8079,1754,112,84,21,28277,16,814,79,620,43,766,20,77,9,3,12,8,591,22,215,324
2,27,17543,17539,17512,17360,17360,17181,17167,17502,16253,16253,10974,17534,17504,17526,17526,25,17473,17527,17415,17489,17536,17489,17228,17276,17306,17301,17266,3,17363,17503,2,4,2,2,17166,6,17168,17339,1,14,4,11101,10979,2,9,2,1592,2,2,10965,2,2,4,2,2,2,11,24,2,1533,1533,14420,14605,15078,1508,1665,1622,1661,1606,1605,1596,1679,1605,15922,1174,1498,15920,1494,15786,15852,1598,15524,15820,15794,15773,1565,15847,9441,15814,9619,9355,15554,9614,9614,9614,15800,9724,1575,1231,1466,1495,15710,719,1566,1179,14,53,0,0,0,2,0,0,0,0,1,0,7,15,6,20,1,9,1,0,32,0,28,0,0,154,0,82,0,0,53,11,0,0,34,10,4241,47,3,152,644,3,207,0,27,2,13,34,12,3,113,1,1,443,1,18,674,1,7,2,4,1,63,649,120,129,0,202,202,202,6,1,0,0,639,2,10,3,1,1,19,0,3,1,0,2,0,22,0,5,2
0,27,39337,39120,37630,35002,37070,37842,37843,38962,36773,36766,34207,39144,38971,38180,38246,202,37784,38900,37834,38653,38561,37814,37318,37310,34312,34286,34285,166,34878,37249,172,182,150,136,36235,136,35974,34799,148,186,153,34279,34140,150,170,143,11776,117,117,34242,113,122,117,121,111,75,154,139,158,11491,11511,34781,32257,25007,11415,11929,11890,11885,11682,11757,11529,11615,11681,26965,11747,11399,27014,11379,25953,26832,11657,26018,26561,26607,26555,11079,25368,26029,22826,24590,25668,26266,24598,24591,24584,25569,25405,9905,9846,9334,9315,25072,8883,8745,5592,14,56,3,0,2,5,1,1,0,0,5,2,29,72,29,22,64,79,0,41,131,8,78,3,1,2476,36,243,0,266,585,24,6,1,260,25,888,549,19,272,712,3,397,4,60,2,12,113,35,2,289,1,38,593,1,8,527,16,17,13,0,21,251,488,5457,5321,3,360,360,360,200,8,6,1,472,29,25,1,17,1,68,0,7,1,2,1,2,97,2,9,54
-1,27,4321,4359,4220,3942,4047,4323,4326,4317,4322,4322,3903,4262,4326,4239,4214,236,4261,4347,3578,4282,4077,4075,4228,3592,3584,3581,3568,12,3930,3784,12,15,12,13,4067,12,4038,3912,11,15,12,3864,3876,11,15,8,1486,17,16,3638,9,10,13,12,12,11,14,10,10,1699,1699,3449,2920,2674,1483,1644,1649,1654,1601,1626,1476,1631,1627,2671,1646,1479,2667,1481,2638,2648,1627,2594,2585,2621,2562,1357,2507,2608,2634,2629,2620,2624,2628,2628,2626,2614,2069,1411,1318,1178,1175,1469,771,1018,1298,5,3,0,0,0,1,0,0,0,0,0,1,4,3,4,0,1,1,0,0,1,2,5,1,1,44,250,24,1,64,89,0,3,0,8,4,44,72,4,24,173,0,24,48,4,0,1,3,0,0,17,0,2,143,0,1,144,1,1,0,0,3,7,132,51,44,0,238,238,238,6,0,2,1,129,0,2,0,2,0,8,4,1,0,0,0,2,4,1,0,3
1,28,435176,429643,429479,402280,425894,418092,418531,432230,420943,420882,398854,434565,434502,433147,433273,2007,430516,429756,423736,426858,426243,419003,419313,404027,409587,409241,409174,114,400835,417658,118,353,100,98,418365,199,416398,402008,76,578,100,397683,396963,84,767,71,17938,97,89,400612,85,99,112,102,89,84,332,527,202,20527,20522,401428,365305,403488,17817,21116,18627,18930,17738,17735,17831,18913,18185,411636,17515,17438,412738,17456,410237,410069,17799,407459,407043,405038,401937,17232,404084,404757,404591,397196,398386,391379,396095,395824,395727,385650,388301,17579,17262,17235,17220,402270,15446,16812,16497,297,1940,34,0,9,150,1,4,10,7,8,7,386,332,303,271,151,184,3,6,937,23,707,7,10,1402,1072,584,9,6198,1025,246,10,13,34728,34,50138,639,28692,2996,20501,30,5832,681,2411,24,243,1160,469,73,3361,13,107,17025,21,120,15414,30,312,337,2,19,1951,14294,34848,36071,27,4572,4571,4582,2733,30,61,5,13745,22,283,24,844,47,564,18,22,20,8,7,3,682,10,263,348
0,28,26286,26107,24666,24426,24798,25455,25465,26023,25251,25246,24128,26095,26024,25839,25877,101,25678,26118,25373,25778,25971,25333,25514,25071,24322,24314,24289,37,24392,25447,39,51,33,39,25421,40,25347,24421,27,56,28,24209,24097,32,63,28,1757,35,36,24165,35,19,24,24,16,14,30,37,109,1824,1820,24294,22372,23461,1724,1819,1821,1820,1777,1809,1718,1895,1881,24203,1783,1693,24354,1696,23534,24040,1886,23189,23882,23914,23796,1694,22943,23911,19786,23021,23716,23592,23054,23052,23015,22423,23106,1547,1451,1390,1387,22546,1321,1254,1095,9,52,3,1,2,1,1,1,1,1,5,2,11,34,15,13,20,32,1,14,241,5,26,0,0,288,64,32,0,238,79,27,7,0,498,12,1405,63,226,133,781,10,307,25,34,0,9,71,13,3,258,4,11,601,0,11,575,12,12,1,0,21,156,546,3379,3276,1,216,216,217,624,1,3,0,529,3,25,1,16,2,19,1,2,8,0,0,1,96,4,5,2
-1,28,5405,5407,5303,5256,5046,5403,5400,5363,5392,5392,5232,5396,5362,5177,5185,1702,5210,5404,5115,5243,5310,5176,5329,4493,5128,5120,5122,3,5263,4937,4,2,4,4,5321,3,5322,5246,3,8,3,5219,5227,3,7,1,652,4,4,3442,4,1,4,1,3,3,4,2,3,2421,2419,5001,4355,4729,655,666,666,667,657,658,652,656,666,4711,662,644,4734,646,4653,4697,664,4632,4666,4665,4664,463,4534,4685,4689,4650,4690,4643,4651,4650,4649,4624,3893,617,567,567,564,2427,374,399,547,1,13,1,0,0,1,0,0,0,0,0,0,4,1,4,0,0,3,0,0,4,3,1,0,0,16,1788,11,0,101,56,0,0,0,70,0,132,38,58,24,275,0,50,444,12,0,5,4,0,0,36,0,1,226,0,10,265,0,2,1,0,1,14,256,203,200,0,1344,1343,1343,17,0,2,0,240,0,2,0,3,0,2,0,0,0,0,0,0,4,0,0,0
2,28,7187,7181,7180,7154,7113,6977,6971,7181,6631,6631,5727,7179,7180,7182,7178,27,7174,7168,7145,7157,7180,7175,7058,7118,7134,7133,7119,4,7152,7168,4,8,4,3,7031,5,7032,7148,4,11,11,5942,5728,4,6,3,159,3,3,5711,3,5,5,4,5,3,6,29,4,214,214,6503,6729,6472,157,181,163,185,154,153,156,211,190,7023,159,152,7018,152,6967,6989,187,6989,6959,6922,6970,166,6995,5586,6966,5540,5437,6861,5544,5544,5544,6976,5697,156,143,149,150,6903,72,150,122,6,32,0,0,0,0,0,0,0,0,0,0,1,17,2,13,3,11,0,0,9,0,15,0,0,36,7,27,0,0,5,1,0,0,20,1,1800,6,11,65,282,1,115,4,6,1,3,18,5,0,49,0,1,210,0,1,280,0,8,0,0,0,16,271,118,122,0,68,68,68,24,0,1,0,264,0,3,0,1,0,10,0,0,0,1,0,0,24,0,2,2
2,29,5349,5344,5348,5336,5278,5282,5280,5345,4713,4712,4351,5346,5347,5348,5343,381,5343,5343,5327,5339,5336,5326,5136,5308,5314,5314,5308,2,5338,5338,1,4,4,0,5125,5,5124,5328,4,17,3,4703,4351,1,8,0,62,3,3,4012,3,4,4,4,2,1,2,11,6,494,494,4855,5098,4658,64,69,69,76,60,60,61,94,76,5277,55,59,5284,59,5254,5258,74,5250,5253,5189,5194,91,5267,4181,5251,4174,4002,5042,4175,4175,4175,5211,4267,59,49,56,56,4816,41,56,27,0,25,0,0,0,1,0,0,0,0,0,0,5,7,3,8,2,7,0,0,3,0,17,0,0,30,379,34,0,2,43,0,0,1,219,2,959,3,226,45,137,1,71,264,7,0,2,20,18,1,38,0,1,92,0,3,129,0,1,6,0,0,23,118,111,118,0,166,166,166,35,0,0,0,116,1,0,0,16,1,5,0,1,0,0,0,0,23,0,1,2
1,29,361755,353633,353039,339248,355405,343744,344533,359566,346387,346446,337057,361541,361303,355983,355931,24857,358113,354508,347952,351794,348378,345187,349379,338708,339500,339158,338586,100,338656,348436,60,386,52,40,349134,122,347792,338839,39,404,58,334385,335434,30,340,35,1874,45,37,314387,35,77,71,56,42,47,222,400,295,28916,28879,332300,313965,344198,2320,4384,2163,2674,1863,1823,1898,3463,2850,350820,2383,1785,352353,1867,355198,350905,2793,349354,348181,347446,344494,2525,344954,346350,343009,346067,346002,342509,345002,344908,344771,337538,335063,1815,1680,1986,1984,320992,1583,1658,1574,283,1446,80,22,36,178,14,26,8,30,14,41,263,188,205,227,141,188,5,2,882,8,336,7,11,572,24230,440,5,3723,1138,191,3,19,105022,11,28936,165,97597,2220,13934,19,4759,16420,4860,18,163,765,329,43,2728,16,75,11185,17,164,10098,43,187,419,8,17,1651,9404,24088,27250,52,10568,10566,10564,4561,2,20,13,8961,27,181,3,578,29,626,9,90,19,1,6,3,1198,18,258,200
-1,29,6459,6443,6280,6355,6029,6451,6445,6428,6456,6455,6333,6450,6432,6269,6275,2194,6275,6443,6066,5997,6423,6230,6397,6004,6083,6072,6079,2,6358,6115,4,3,3,2,6375,2,6330,6346,2,13,2,6326,6331,3,4,2,192,2,2,4115,2,2,3,2,2,2,3,4,11,2200,2199,6170,5572,6261,207,200,201,198,201,202,198,190,204,6207,195,191,6256,192,6120,6207,204,5239,6137,6139,6182,191,6007,6139,6166,6153,6170,6069,6154,6154,6153,6050,5026,174,160,159,158,3831,108,146,161,3,9,1,0,0,0,0,0,0,0,0,0,3,4,1,1,2,1,0,0,13,2,11,0,2,3,2206,7,0,54,59,1,3,0,388,0,335,8,363,36,326,0,56,662,17,0,3,10,1,1,45,0,0,200,0,16,314,0,4,0,0,7,26,290,341,350,0,1585,1585,1587,35,1,0,0,237,0,6,0,5,0,6,6,0,0,0,0,0,3,0,1,3
0,29,35912,35693,33948,33824,34249,34874,34960,35796,33547,33544,33711,35795,35795,35311,35386,2240,34903,35730,35239,34945,35367,35052,34721,34069,32405,32365,32286,27,33817,34168,33,48,26,28,34683,35,34657,33878,23,59,27,33656,33701,20,107,19,966,29,25,31150,26,24,22,13,17,13,40,37,60,3431,3403,31787,29668,32554,1006,1005,986,1075,969,971,936,1335,1294,34719,993,945,34864,944,33743,34294,1295,33685,33877,33871,33531,982,33079,34029,29727,31916,33630,33205,31943,31939,31909,32589,31510,922,901,900,895,30729,659,821,486,19,70,1,0,1,9,0,1,1,0,1,1,16,49,12,16,17,29,0,8,399,2,40,0,0,59,2254,31,1,385,183,24,3,0,2901,4,2608,119,2227,247,981,3,429,1280,124,1,8,81,8,1,415,0,31,786,4,9,692,3,17,1,0,12,187,667,2811,2766,1,1029,1030,1030,1801,1,7,1,622,1,22,5,47,9,73,1,2,1,2,0,0,191,2,13,14
1,30,323009,312377,311960,308605,318475,304586,305022,321454,305247,305160,307396,322771,322395,313651,313363,171403,319153,313082,308792,311441,308946,302939,314017,299192,304140,303776,298811,102,308689,312319,72,253,42,39,313644,289,312383,308439,36,560,37,305370,305942,27,222,29,375,39,35,134342,34,76,86,49,40,40,132,228,127,176878,176648,299181,289203,305007,1317,2168,450,515,259,263,642,808,645,312125,368,250,312869,394,318881,311694,627,313632,309464,310791,306548,677,307328,314046,306074,315194,312295,308402,315059,315017,314898,295734,298303,220,240,386,380,135285,214,389,266,209,458,107,0,12,148,5,1,7,36,0,33,229,121,245,216,187,349,13,1,1392,11,178,5,9,133,173790,594,4,6130,2206,177,3,8,77802,13,7507,31,74081,1943,9893,40,4002,127226,4093,11,92,374,133,16,1742,10,40,7745,14,144,7871,30,223,218,4,12,1544,7324,5586,7939,36,36314,36318,36317,3631,3,70,3,7022,23,142,5,260,29,602,20,147,10,2,18,3,1385,8,125,81
0,30,42454,41955,39999,38557,40317,41279,41284,42034,39361,39354,38405,42120,42023,41538,41653,15915,40701,42237,41756,41437,41307,41204,40353,39566,37774,37736,37271,48,38598,39765,45,77,37,32,40726,49,40623,38663,45,496,41,38287,38337,35,93,25,167,25,25,21098,25,43,43,35,25,12,87,66,36,16727,16643,36459,33826,39222,299,151,177,221,118,134,144,405,382,41882,138,125,42103,135,40227,41464,378,40079,41032,41593,40381,137,40018,40790,39389,37640,40208,39741,37697,37697,37640,39182,36191,181,102,110,110,23215,80,459,75,24,52,7,1,2,20,2,2,0,2,2,3,38,50,24,17,28,33,3,17,367,0,43,0,1,21,16831,18,1,420,248,15,4,0,4434,3,1692,8,3746,237,933,7,467,12888,238,2,9,31,6,1,342,0,12,739,4,20,716,4,22,3,0,7,142,696,1365,1465,2,3890,3891,3885,2854,1,9,2,654,6,22,0,31,19,88,2,7,2,3,1,1,199,3,8,16
2,30,4669,4663,4666,4625,4525,4627,4626,4662,4457,4457,4075,4663,4661,4665,4665,2719,4653,4663,4651,4648,4636,4658,4474,4614,4636,4635,4583,1,4624,4637,2,3,10,3,4468,8,4468,4619,4,15,3,4322,4074,1,2,1,16,2,2,1610,2,5,4,4,3,3,3,9,5,2798,2798,4060,4507,4445,19,12,15,21,12,12,12,27,24,4652,12,11,4650,10,4611,4627,23,4632,4626,4587,4500,22,4642,3986,4579,3935,3801,4425,3935,3935,3935,4620,3969,12,12,15,15,1858,12,11,10,1,7,1,1,1,3,0,1,0,0,0,1,2,0,0,3,1,10,1,0,23,0,3,0,0,5,2739,12,0,1,29,1,1,0,377,1,263,0,380,17,89,2,50,2262,41,0,1,5,4,0,19,0,1,66,0,2,146,0,5,1,0,0,16,141,41,52,0,340,340,340,59,0,0,0,139,1,2,1,14,0,2,0,0,4,0,0,0,17,0,2,0
-1,30,5046,5037,4938,4998,4668,5044,5039,5045,5027,5027,4994,5040,5044,4978,4973,2364,4967,5030,4892,4312,4980,4866,5018,4781,4899,4896,4865,0,5003,4828,7,16,7,0,5009,3,4995,4997,7,19,3,4987,4992,0,5,3,34,7,7,2563,7,3,7,7,3,0,3,8,18,2390,2386,4794,4197,4997,41,25,28,24,23,24,27,30,36,4938,31,24,5008,26,4928,4980,36,2954,4963,4893,4967,52,4849,4938,4954,4966,4976,4801,4967,4967,4966,4953,3839,25,20,21,20,2465,14,20,18,3,3,1,0,0,0,0,0,0,0,0,0,3,4,2,0,2,5,0,0,19,1,6,0,6,2,2402,3,0,50,28,2,0,1,522,7,129,1,481,33,229,0,66,989,51,0,0,5,0,0,30,0,2,130,0,0,198,0,0,0,0,0,29,186,122,134,0,1335,1335,1335,30,0,0,0,146,0,0,0,0,1,4,0,0,0,0,0,0,9,0,0,1
1,31,136881,135310,134986,116780,131951,132436,132541,135491,131755,131754,115682,135882,135688,134430,134376,61352,134725,134409,133194,130246,132643,126817,131171,129613,130975,130819,128356,975,115976,126521,988,1032,965,955,122984,1031,122865,116010,934,1204,960,114760,115380,922,907,793,40108,904,920,54049,758,933,944,940,938,926,988,979,902,104252,104217,107027,100444,91383,38669,41708,41246,41303,41173,41227,40930,41114,39788,93193,40372,38327,93295,38228,93740,92847,38340,92379,92216,92781,91056,36756,92483,92967,91917,92835,92207,90906,92775,92770,92735,86621,85718,30507,26517,25699,25629,27245,22103,19453,16886,64,126,32,3,7,55,9,4,7,10,8,12,453,255,113,78,67,126,9,26,496,41,289,125,135,8481,62757,6084,15,2767,3883,151,4,8,6301,45,1612,3338,5729,894,5114,54,1483,49359,1042,15,31,160,289,19,704,8,26,4026,4,44,4072,26,135,47,3,11,675,3782,1195,1365,163,10463,10466,10465,440,16,42,11,3611,9,70,27,51,9,140,9,26,3,3,24,3,293,7,24,41
0,31,8199,8208,7770,7675,7789,8040,8037,8040,7814,7811,7642,8129,8016,7887,7896,3760,7801,8190,7925,8087,8071,7841,7901,8060,7346,7341,7238,25,7689,7680,42,30,23,112,7934,31,7939,7622,43,199,26,7634,7594,23,22,24,1095,23,17,2522,17,26,28,22,19,76,64,37,17,4719,4704,7045,6755,6678,1088,1141,1164,1158,1055,1089,1071,1077,1137,7008,1125,1060,7026,1065,6870,6976,1129,6845,6948,6894,6951,1099,6624,6904,6144,6636,6929,6908,6633,6633,6633,6585,5894,983,947,892,892,3025,778,988,327,0,3,1,0,0,0,0,0,0,0,0,0,8,2,10,1,4,6,0,8,14,0,7,0,0,457,3787,16,0,183,39,3,1,0,247,2,37,18,194,42,127,1,95,3123,39,0,9,4,1,0,30,0,1,101,1,1,89,2,3,3,0,0,18,84,84,81,2,705,706,706,247,0,4,0,82,0,6,0,4,11,18,0,0,0,0,0,0,26,2,2,0
-1,31,882,882,870,866,720,880,878,881,879,879,865,882,881,876,875,653,876,879,867,869,879,881,881,828,871,870,851,0,867,875,0,0,0,0,881,0,873,866,0,4,0,862,867,0,0,0,1,0,0,203,0,0,0,0,0,0,1,1,7,667,666,813,496,877,8,0,2,2,1,1,1,2,2,876,2,2,881,4,859,875,2,492,870,861,878,2,855,878,868,872,878,879,872,872,872,878,871,2,2,1,1,204,0,4,2,3,0,0,0,0,0,0,0,0,0,0,1,0,3,0,0,1,3,0,0,1,0,0,0,0,1,653,0,0,0,4,2,0,0,49,0,11,0,43,4,19,0,14,327,11,0,0,0,0,0,3,0,1,12,0,0,25,0,0,1,0,2,2,22,3,6,0,307,307,307,2,0,0,0,18,0,0,0,1,0,2,0,0,0,0,0,0,1,0,0,0
2,31,676,675,673,658,674,655,655,675,675,675,653,676,676,676,676,584,674,674,662,670,661,674,666,673,661,661,640,0,658,670,1,0,0,1,669,3,669,655,0,0,1,650,655,0,0,0,1,0,0,54,0,0,0,0,0,1,0,0,0,620,620,600,634,675,1,1,2,0,1,1,1,0,1,675,0,0,674,1,661,672,1,674,671,656,673,1,673,654,664,674,668,662,674,674,674,673,653,1,1,0,0,55,1,1,1,0,0,1,0,0,6,0,0,0,0,0,0,1,0,0,1,0,0,0,0,13,0,0,0,0,0,599,0,0,1,1,0,0,0,25,0,8,0,25,2,15,1,6,514,15,0,0,0,1,0,2,0,0,9,0,0,12,1,0,0,0,0,2,11,1,2,0,65,65,65,0,0,0,0,11,0,0,0,0,0,1,0,0,0,0,0,0,0,0,0,3
