zone_simple,quarter,Spike_D614G,NSP12_P323L,NSP4_T492I,Spike_T478K,Spike_G142D,N_R203K,N_G204R,Spike_P681H,NSP6_G107del,NSP6_S106del,Spike_N501Y,Spike_H655Y,Spike_N679K,Spike_N969K,Spike_Q954H,Spike_L452R,Spike_D796Y,NSP5_P132H,N_P13L,E_T9I,M_A63T,NSP14_I42V,Spike_G339D,M_Q19E,N_R32del,N_E31del,N_S33del,Spike_P681R,Spike_S477N,Spike_N764K,M_I82T,NS3_S26L,NSP13_P77L,N_R203M,Spike_S373P,N_D377Y,Spike_S375F,Spike_E484A,Spike_T19R,NSP12_G671S,N_D63G,Spike_Y505H,Spike_Q498R,Spike_D950N,NS7a_T120I,NS7a_V82A,Spike_T95I,Spike_F157del,Spike_R158del,Spike_Q493R,Spike_E156G,NSP6_T77A,NSP14_A394V,NSP4_V167L,NSP3_A488S,N_G215C,NS7b_T40I,NSP3_P1228L,NSP3_P1469S,Spike_V70del,Spike_H69del,Spike_K417N,Spike_N440K,NSP6_F108del,Spike_Y144del,NSP6_I189V,Spike_T547K,NSP3_A1892T,Spike_L981F,Spike_N856K,Spike_A67V,NSP3_K38R,NSP3_L1266I,NS3_T223I,NSP6_L105del,Spike_V143del,NSP13_R392C,Spike_Y145del,Spike_V213G,NSP3_G489S,NSP3_S1265del,Spike_T19I,NSP3_T24I,NSP1_S135R,NSP4_L264F,M_D3G,NSP4_T327I,Spike_D405N,N_S413R,Spike_A27S,Spike_T376A,Spike_S371F,Spike_P26del,Spike_P25del,Spike_L24del,NSP15_T112I,Spike_R408S,Spike_S371L,Spike_G496S,Spike_N211del,Spike_L212I,NSP4_L438F,Spike_ins214EPE,Spike_G446S,Spike_R346K,NSP3_T183I,NS8_Q27stop,Spike_T716I,Spike_A570D,Spike_D1118H,NS8_R52I,NS8_Y73C,NSP3_A890D,N_S235F,Spike_S982A,N_D3L,NSP3_I1412T,NSP3_A1711V,Spike_A222V,NS3_Q57H,NSP2_T85I,NSP4_A446V,NSP3_P822L,NS8_K68stop,NSP6_V149A,NSP6_T181I,NSP13_I334V,NSP3_A1736V,NSP12_L838I,N_Q9L,NSP3_V1069I,Spike_F486V,Spike_A701V,NS3_E239Q,NSP12_F694Y,NS3_L106F,NSP13_K460R,Spike_E484K,NSP12_F192V,Spike_S704L,Spike_L18F,NS3_H78Y,N_D343G,Spike_L452Q,NSP6_L37F,NSP1_M85del,NSP2_K81N,Spike_L5F,M_D3N,NSP13_H164Y,N_P199L,N_T205I,NSP12_P227L,N_P67S,NSP6_I162V,NSP5_K90R,N_A220V,N_M234I,NSP1_V86del,NS8_S24L,NSP5_L89F,NSP1_V84del,NS3_G172V,NS7a_P45L,NSP13_E341D,NSP14_N129D,Spike_V1176F,NSP16_K160R,NSP1_H83del,NS3_L140F,NSP4_A146V,Spike_Y145H,NSP1_K141del,NSP1_S142del,NSP1_F143del,Spike_K417T,Spike_P26S,NSP16_R216C,NSP6_C197F,NSP1_G82del,Spike_T1027I,NSP3_S370L,Spike_D138Y,NSP3_H1307Y,NS8_E92K,NSP2_P129L,NSP3_D410G,NS3_S253P,NSP3_K977Q,N_P80R,NS8_L60F,Spike_T20N,Spike_V1264L,Spike_R190S,N_S194L,NSP13_A296S
1,0,0.0000,0.0000,0.0000,0.0000,0.0000,0.0000,0.0000,0.0000,0.0000,0.0000,0.0000,0.0000,0.0000,0.0000,0.0000,0.0000,0.0000,0.0000,0.0000,0.0000,0.0000,0.0000,0.0000,0.0000,0.0000,0.0000,0.0000,0.0000,0.0000,0.0000,0.0000,0.0000,0.0000,0.0000,0.0000,0.0000,0.0000,0.0000,0.0000,0.0000,0.0000,0.0000,0.0000,0.0000,0.0000,0.0000,0.0000,0.0000,0.0000,0.0000,0.0000,0.0000,0.0000,0.0000,0.0000,0.0000,0.0000,0.0000,0.0000,0.0000,0.0000,0.0000,0.0000,0.0000,0.0000,0.0000,0.0000,0.0000,0.0000,0.0000,0.0000,0.0000,0.0000,0.0000,0.0000,0.0000,0.0000,0.0000,0.0000,0.0000,0.0000,0.0000,0.0000,0.0000,0.0000,0.0000,0.0400,0.0000,0.0000,0.0000,0.0000,0.0000,0.0000,0.0000,0.0000,0.0000,0.0000,0.0000,0.0000,0.0000,0.0000,0.0000,0.0000,0.0000,0.0000,0.0000,0.0000,0.0000,0.0000,0.0000,0.0000,0.0000,0.0000,0.0000,0.0000,0.0000,0.0000,0.0000,0.0000,0.0000,0.0000,0.0000,0.0000,0.0000,0.0000,0.0000,0.0000,0.0000,0.0000,0.0000,0.0000,0.0000,0.0000,0.0000,0.0000,0.0000,0.0000,0.0000,0.0000,0.0000,0.0000,0.0000,0.0000,0.0000,0.0000,0.0000,0.0000,0.0000,0.0000,0.0000,0.0000,0.0000,0.0000,0.0000,0.0000,0.0000,0.0000,0.0000,0.0000,0.0000,0.0000,0.0000,0.0000,0.0000,0.0000,0.0000,0.0000,0.0400,0.0000,0.0000,0.0000,0.0000,0.0000,0.0000,0.0000,0.0000,0.0000,0.0000,0.0000,0.0000,0.0000,0.0000,0.0000,0.0000,0.0000,0.0000,0.0000,0.0000,0.0000,0.0000,0.0000,0.0000,0.0000,0.0000,0.0000,0.0000
1,1,0.7120,0.7094,0.0003,0.0001,0.0001,0.1760,0.1754,0.0005,0.0004,0.0004,0.0002,0.0004,0.0001,0.0000,0.0000,0.0001,0.0001,0.0000,0.0033,0.0002,0.0001,0.0001,0.0001,0.0001,0.0000,0.0000,0.0000,0.0000,0.0012,0.0000,0.0000,0.0003,0.0004,0.0006,0.0000,0.0019,0.0000,0.0001,0.0000,0.0001,0.0000,0.0000,0.0000,0.0000,0.0002,0.0000,0.0012,0.0000,0.0000,0.0000,0.0000,0.0000,0.0001,0.0001,0.0000,0.0000,0.0006,0.0010,0.0001,0.0009,0.0009,0.0000,0.0000,0.0003,0.0017,0.0003,0.0000,0.0000,0.0000,0.0001,0.0002,0.0001,0.0001,0.0003,0.0001,0.0003,0.0036,0.0000,0.0000,0.0000,0.0001,0.0002,0.0000,0.0000,0.0002,0.0102,0.0001,0.0000,0.0000,0.0006,0.0000,0.0000,0.0000,0.0000,0.0000,0.0001,0.0000,0.0000,0.0000,0.0000,0.0000,0.0001,0.0000,0.0000,0.0000,0.0005,0.0005,0.0005,0.0003,0.0003,0.0004,0.0003,0.0003,0.0003,0.0003,0.0003,0.0003,0.0005,0.0009,0.3153,0.2485,0.0004,0.0001,0.0001,0.0000,0.0001,0.0000,0.0002,0.0000,0.0000,0.0000,0.0000,0.0001,0.0000,0.0000,0.0002,0.0006,0.0002,0.0000,0.0001,0.0009,0.0002,0.0000,0.0000,0.1085,0.0039,0.0000,0.0051,0.0000,0.0004,0.0009,0.0018,0.0005,0.0003,0.0000,0.0019,0.0005,0.0021,0.0032,0.0222,0.0042,0.0027,0.0003,0.0001,0.0004,0.0002,0.0002,0.0019,0.0027,0.0001,0.0000,0.0006,0.0053,0.0053,0.0053,0.0000,0.0001,0.0003,0.0000,0.0025,0.0002,0.0002,0.0000,0.0002,0.0001,0.0005,0.0000,0.0000,0.0000,0.0000,0.0000,0.0000,0.0001,0.0000,0.0080,0.0003
2,1,0.8174,0.8185,0.0004,0.0000,0.0000,0.2474,0.2471,0.0004,0.0004,0.0004,0.0008,0.0000,0.0000,0.0000,0.0000,0.0000,0.0000,0.0000,0.0000,0.0000,0.0000,0.0000,0.0004,0.0000,0.0000,0.0000,0.0000,0.0000,0.0000,0.0000,0.0000,0.0000,0.0000,0.0016,0.0000,0.0008,0.0000,0.0000,0.0000,0.0000,0.0000,0.0000,0.0000,0.0004,0.0004,0.0000,0.0000,0.0000,0.0000,0.0000,0.0000,0.0000,0.0000,0.0000,0.0000,0.0000,0.0000,0.0008,0.0000,0.0008,0.0008,0.0000,0.0000,0.0004,0.0012,0.0000,0.0000,0.0000,0.0000,0.0000,0.0000,0.0000,0.0000,0.0000,0.0000,0.0016,0.0051,0.0000,0.0000,0.0000,0.0000,0.0000,0.0000,0.0000,0.0000,0.0444,0.0000,0.0000,0.0000,0.0000,0.0000,0.0000,0.0000,0.0000,0.0000,0.0000,0.0000,0.0000,0.0000,0.0000,0.0000,0.0000,0.0000,0.0000,0.0000,0.0004,0.0004,0.0004,0.0004,0.0004,0.0008,0.0004,0.0004,0.0004,0.0004,0.0004,0.0004,0.0004,0.0004,0.2781,0.2467,0.0000,0.0000,0.0004,0.0000,0.0000,0.0000,0.0000,0.0000,0.0000,0.0000,0.0000,0.0000,0.0000,0.0000,0.0004,0.0000,0.0000,0.0000,0.0000,0.0012,0.0012,0.0000,0.0000,0.1147,0.0020,0.0000,0.0082,0.0000,0.0000,0.0000,0.0071,0.0004,0.0000,0.0000,0.0872,0.0000,0.0000,0.0000,0.0008,0.0012,0.0000,0.0000,0.0004,0.0000,0.0000,0.0000,0.0012,0.0000,0.0000,0.0000,0.0012,0.0035,0.0035,0.0035,0.0000,0.0000,0.0000,0.0000,0.0000,0.0000,0.0000,0.0004,0.0000,0.0000,0.0000,0.0000,0.0000,0.0000,0.0000,0.0000,0.0000,0.0008,0.0000,0.0075,0.0000
0,1,0.5178,0.5129,0.0004,0.0006,0.0007,0.1891,0.1889,0.0000,0.0016,0.0016,0.0009,0.0003,0.0000,0.0000,0.0000,0.0013,0.0000,0.0000,0.0974,0.0003,0.0000,0.0001,0.0000,0.0000,0.0000,0.0000,0.0000,0.0013,0.0001,0.0000,0.0009,0.0013,0.0012,0.0012,0.0000,0.0012,0.0000,0.0000,0.0007,0.0010,0.0006,0.0000,0.0000,0.0006,0.0000,0.0009,0.0004,0.0001,0.0001,0.0000,0.0003,0.0010,0.0003,0.0001,0.0001,0.0003,0.0004,0.0004,0.0001,0.0009,0.0009,0.0010,0.0000,0.0016,0.0006,0.0003,0.0000,0.0000,0.0000,0.0000,0.0006,0.0003,0.0004,0.0001,0.0000,0.0000,0.0004,0.0000,0.0000,0.0000,0.0004,0.0000,0.0000,0.0000,0.0000,0.0085,0.0000,0.0000,0.0000,0.0003,0.0000,0.0000,0.0000,0.0000,0.0000,0.0000,0.0000,0.0000,0.0000,0.0000,0.0000,0.0000,0.0000,0.0000,0.0000,0.0001,0.0000,0.0000,0.0000,0.0000,0.0000,0.0000,0.0000,0.0000,0.0000,0.0000,0.0000,0.0001,0.0025,0.1685,0.1159,0.0009,0.0006,0.0000,0.0004,0.0003,0.0000,0.0001,0.0000,0.0000,0.0000,0.0000,0.0007,0.0000,0.0000,0.0006,0.0001,0.0012,0.0000,0.0007,0.0014,0.0003,0.0000,0.0000,0.1660,0.0032,0.0000,0.0033,0.0000,0.0000,0.0000,0.0041,0.0006,0.0001,0.0000,0.0013,0.0009,0.0003,0.0033,0.0062,0.0009,0.0027,0.0000,0.0003,0.0012,0.0000,0.0266,0.0020,0.0016,0.0001,0.0000,0.0001,0.0038,0.0038,0.0038,0.0000,0.0009,0.0006,0.0000,0.0017,0.0000,0.0003,0.0014,0.0003,0.0027,0.0009,0.0000,0.0033,0.0000,0.0003,0.0000,0.0001,0.0000,0.0000,0.0074,0.0001
-1,1,0.7104,0.7185,0.0000,0.0000,0.0000,0.1759,0.1732,0.0000,0.0000,0.0000,0.0000,0.0000,0.0000,0.0000,0.0000,0.0000,0.0000,0.0000,0.0244,0.0000,0.0000,0.0000,0.0000,0.0000,0.0000,0.0000,0.0000,0.0000,0.0000,0.0000,0.0000,0.0000,0.0000,0.0000,0.0000,0.0000,0.0000,0.0000,0.0000,0.0000,0.0000,0.0000,0.0000,0.0000,0.0000,0.0000,0.0014,0.0000,0.0000,0.0000,0.0000,0.0000,0.0000,0.0000,0.0000,0.0000,0.0000,0.0000,0.0000,0.0000,0.0000,0.0000,0.0000,0.0000,0.0000,0.0000,0.0000,0.0000,0.0000,0.0000,0.0000,0.0000,0.0000,0.0000,0.0000,0.0000,0.0000,0.0000,0.0000,0.0000,0.0000,0.0000,0.0000,0.0000,0.0000,0.0014,0.0000,0.0000,0.0000,0.0000,0.0000,0.0000,0.0000,0.0000,0.0000,0.0000,0.0000,0.0000,0.0000,0.0000,0.0000,0.0000,0.0000,0.0000,0.0000,0.0000,0.0000,0.0000,0.0000,0.0000,0.0000,0.0000,0.0000,0.0000,0.0000,0.0000,0.0000,0.0000,0.0000,0.2679,0.1529,0.0000,0.0000,0.0000,0.0000,0.0000,0.0000,0.0000,0.0000,0.0000,0.0000,0.0000,0.0000,0.0000,0.0000,0.0000,0.0000,0.0000,0.0000,0.0000,0.0014,0.0000,0.0000,0.0000,0.1367,0.0027,0.0000,0.0000,0.0000,0.0000,0.0000,0.0000,0.0000,0.0000,0.0000,0.0000,0.0000,0.0000,0.0027,0.0108,0.0000,0.0014,0.0000,0.0000,0.0000,0.0000,0.0014,0.0000,0.0014,0.0257,0.0000,0.0000,0.0014,0.0014,0.0014,0.0000,0.0000,0.0000,0.0000,0.0014,0.0000,0.0000,0.0000,0.0000,0.0000,0.0000,0.0000,0.0000,0.0000,0.0000,0.0000,0.0000,0.0000,0.0000,0.0122,0.0000
-1,2,0.9683,0.9502,0.0013,0.0000,0.0000,0.4802,0.4793,0.0000,0.0018,0.0018,0.0013,0.0031,0.0000,0.0004,0.0004,0.0000,0.0004,0.0000,0.0040,0.0000,0.0000,0.0000,0.0000,0.0000,0.0000,0.0000,0.0000,0.0000,0.0000,0.0000,0.0000,0.0013,0.0004,0.0004,0.0000,0.0004,0.0000,0.0000,0.0004,0.0000,0.0000,0.0000,0.0000,0.0000,0.0000,0.0000,0.0004,0.0000,0.0000,0.0000,0.0000,0.0004,0.0000,0.0000,0.0000,0.0000,0.0000,0.0000,0.0000,0.0000,0.0000,0.0009,0.0000,0.0018,0.0004,0.0004,0.0004,0.0000,0.0004,0.0000,0.0004,0.0000,0.0022,0.0004,0.0000,0.0000,0.0026,0.0000,0.0000,0.0000,0.0022,0.0000,0.0000,0.0000,0.0000,0.0057,0.0000,0.0000,0.0000,0.0000,0.0000,0.0000,0.0000,0.0000,0.0000,0.0004,0.0000,0.0000,0.0000,0.0000,0.0000,0.0004,0.0000,0.0000,0.0000,0.0000,0.0004,0.0000,0.0000,0.0000,0.0000,0.0000,0.0000,0.0000,0.0000,0.0000,0.0000,0.0000,0.0013,0.2441,0.1943,0.0013,0.0004,0.0000,0.0000,0.0009,0.0000,0.0000,0.0000,0.0000,0.0000,0.0000,0.0013,0.0000,0.0000,0.0004,0.0000,0.0018,0.0000,0.0000,0.0018,0.0004,0.0000,0.0000,0.0436,0.0040,0.0004,0.0040,0.0000,0.0013,0.0000,0.0009,0.0057,0.0000,0.0000,0.0048,0.0004,0.0000,0.0044,0.0013,0.0009,0.0031,0.0000,0.0004,0.0004,0.0000,0.0022,0.0247,0.0031,0.0079,0.0000,0.0000,0.0031,0.0031,0.0031,0.0004,0.0004,0.0004,0.0000,0.0031,0.0000,0.0009,0.0004,0.0035,0.0031,0.0004,0.0000,0.0013,0.0000,0.0000,0.0000,0.0004,0.0004,0.0000,0.0374,0.0000
1,2,0.9325,0.9294,0.0014,0.0007,0.0005,0.3356,0.3354,0.0012,0.0007,0.0007,0.0006,0.0009,0.0003,0.0001,0.0001,0.0006,0.0004,0.0001,0.0018,0.0009,0.0001,0.0002,0.0001,0.0001,0.0000,0.0000,0.0000,0.0005,0.0011,0.0001,0.0006,0.0009,0.0010,0.0010,0.0001,0.0030,0.0001,0.0001,0.0007,0.0009,0.0006,0.0001,0.0000,0.0007,0.0011,0.0005,0.0016,0.0005,0.0005,0.0001,0.0005,0.0007,0.0006,0.0006,0.0005,0.0009,0.0014,0.0072,0.0007,0.0006,0.0006,0.0001,0.0001,0.0007,0.0029,0.0006,0.0001,0.0001,0.0000,0.0000,0.0005,0.0002,0.0001,0.0007,0.0000,0.0011,0.0015,0.0002,0.0000,0.0000,0.0001,0.0004,0.0001,0.0000,0.0009,0.0052,0.0002,0.0000,0.0000,0.0005,0.0000,0.0001,0.0000,0.0000,0.0000,0.0004,0.0000,0.0000,0.0000,0.0000,0.0000,0.0014,0.0000,0.0001,0.0001,0.0009,0.0012,0.0009,0.0004,0.0004,0.0007,0.0004,0.0004,0.0023,0.0004,0.0006,0.0004,0.0012,0.0046,0.3987,0.3237,0.0008,0.0021,0.0002,0.0002,0.0004,0.0003,0.0006,0.0000,0.0000,0.0001,0.0000,0.0011,0.0001,0.0001,0.0008,0.0005,0.0002,0.0000,0.0001,0.0034,0.0007,0.0000,0.0000,0.0438,0.0040,0.0001,0.0131,0.0000,0.0002,0.0071,0.0043,0.0014,0.0068,0.0001,0.0059,0.0013,0.0033,0.0027,0.0631,0.0223,0.0023,0.0067,0.0002,0.0006,0.0066,0.0011,0.0029,0.0022,0.0003,0.0004,0.0001,0.0051,0.0051,0.0050,0.0000,0.0006,0.0059,0.0000,0.0021,0.0004,0.0004,0.0007,0.0006,0.0006,0.0020,0.0000,0.0001,0.0000,0.0001,0.0000,0.0000,0.0004,0.0000,0.0317,0.0008
0,2,0.8025,0.7947,0.0023,0.0025,0.0004,0.3916,0.3903,0.0067,0.0061,0.0062,0.0029,0.0016,0.0003,0.0002,0.0002,0.0030,0.0012,0.0002,0.0889,0.0006,0.0003,0.0002,0.0002,0.0002,0.0002,0.0002,0.0002,0.0024,0.0278,0.0002,0.0028,0.0026,0.0021,0.0012,0.0002,0.0041,0.0002,0.0001,0.0003,0.0028,0.0010,0.0001,0.0001,0.0014,0.0009,0.0003,0.0025,0.0003,0.0003,0.0001,0.0003,0.0005,0.0006,0.0005,0.0004,0.0007,0.0014,0.0011,0.0007,0.0070,0.0071,0.0005,0.0008,0.0059,0.0102,0.0002,0.0002,0.0002,0.0002,0.0002,0.0007,0.0002,0.0005,0.0041,0.0003,0.0014,0.0010,0.0004,0.0000,0.0000,0.0005,0.0001,0.0005,0.0000,0.0005,0.0052,0.0001,0.0000,0.0001,0.0007,0.0000,0.0000,0.0001,0.0001,0.0001,0.0005,0.0000,0.0002,0.0002,0.0000,0.0000,0.0002,0.0000,0.0002,0.0002,0.0014,0.0007,0.0012,0.0003,0.0049,0.0008,0.0005,0.0004,0.0039,0.0008,0.0005,0.0005,0.0045,0.0007,0.1892,0.0723,0.0014,0.0014,0.0001,0.0004,0.0011,0.0009,0.0003,0.0001,0.0002,0.0145,0.0001,0.0006,0.0000,0.0000,0.0004,0.0004,0.0066,0.0000,0.0002,0.0023,0.0019,0.0000,0.0000,0.1098,0.0020,0.0001,0.0088,0.0000,0.0017,0.0004,0.0363,0.0015,0.0004,0.0000,0.0065,0.0047,0.0022,0.0016,0.0052,0.0006,0.0018,0.0012,0.0009,0.0009,0.0002,0.0451,0.0044,0.0014,0.0006,0.0002,0.0001,0.0074,0.0074,0.0074,0.0001,0.0044,0.0007,0.0000,0.0014,0.0063,0.0005,0.0060,0.0005,0.0161,0.0015,0.0000,0.0059,0.0001,0.0003,0.0000,0.0001,0.0010,0.0002,0.0764,0.0010
2,2,0.9441,0.8911,0.0004,0.0000,0.0000,0.4073,0.4080,0.0000,0.0000,0.0000,0.0000,0.0011,0.0000,0.0000,0.0000,0.0000,0.0000,0.0000,0.0007,0.0004,0.0004,0.0000,0.0000,0.0000,0.0000,0.0000,0.0000,0.0000,0.0022,0.0000,0.0000,0.0011,0.0000,0.0000,0.0000,0.0015,0.0000,0.0000,0.0000,0.0000,0.0000,0.0000,0.0000,0.0000,0.0011,0.0000,0.0007,0.0000,0.0000,0.0000,0.0000,0.0000,0.0000,0.0000,0.0000,0.0000,0.0000,0.0070,0.0000,0.0007,0.0007,0.0000,0.0000,0.0000,0.0022,0.0004,0.0000,0.0000,0.0000,0.0000,0.0000,0.0007,0.0000,0.0007,0.0000,0.0011,0.0000,0.0000,0.0000,0.0000,0.0000,0.0000,0.0000,0.0000,0.0000,0.0066,0.0000,0.0000,0.0000,0.0004,0.0000,0.0000,0.0000,0.0000,0.0000,0.0007,0.0000,0.0000,0.0000,0.0000,0.0000,0.0000,0.0000,0.0000,0.0004,0.0004,0.0011,0.0004,0.0000,0.0000,0.0004,0.0000,0.0000,0.0000,0.0000,0.0000,0.0000,0.0004,0.0007,0.3889,0.3639,0.0007,0.0004,0.0000,0.0000,0.0011,0.0004,0.0000,0.0000,0.0000,0.0000,0.0000,0.0000,0.0000,0.0000,0.0000,0.0004,0.0007,0.0000,0.0000,0.0011,0.0004,0.0000,0.0000,0.0423,0.0022,0.0000,0.0177,0.0000,0.0000,0.0004,0.0188,0.0004,0.0004,0.0000,0.0353,0.0000,0.0018,0.0015,0.0000,0.0000,0.0004,0.0000,0.0000,0.0000,0.0000,0.0000,0.0048,0.0004,0.0004,0.0004,0.0000,0.0092,0.0092,0.0092,0.0000,0.0004,0.0000,0.0000,0.0004,0.0000,0.0004,0.0007,0.0011,0.0022,0.0037,0.0000,0.0000,0.0000,0.0000,0.0000,0.0000,0.0026,0.0000,0.0121,0.0000
0,3,0.9632,0.9424,0.0043,0.0022,0.0008,0.7641,0.7627,0.0046,0.0019,0.0018,0.0023,0.0016,0.0007,0.0004,0.0003,0.0035,0.0006,0.0009,0.0134,0.0007,0.0003,0.0003,0.0003,0.0003,0.0003,0.0003,0.0003,0.0022,0.3742,0.0003,0.0016,0.0027,0.0026,0.0019,0.0002,0.0038,0.0003,0.0003,0.0015,0.0017,0.0015,0.0003,0.0002,0.0015,0.0018,0.0007,0.0025,0.0009,0.0009,0.0002,0.0009,0.0013,0.0010,0.0008,0.0009,0.0010,0.0034,0.0020,0.0014,0.0012,0.0012,0.0011,0.0024,0.0015,0.0019,0.0005,0.0004,0.0004,0.0004,0.0003,0.0009,0.0004,0.0005,0.0080,0.0004,0.0011,0.0009,0.0005,0.0000,0.0000,0.0006,0.0001,0.0001,0.0000,0.0016,0.0012,0.0002,0.0000,0.0000,0.0007,0.0000,0.0001,0.0000,0.0000,0.0000,0.0004,0.0000,0.0002,0.0003,0.0002,0.0001,0.0003,0.0000,0.0004,0.0004,0.0102,0.0037,0.0009,0.0006,0.0006,0.0011,0.0005,0.0005,0.0017,0.0005,0.0007,0.0003,0.0009,0.0032,0.0947,0.0328,0.0016,0.0025,0.0000,0.0003,0.0007,0.0000,0.0007,0.0000,0.0000,0.0012,0.0000,0.0018,0.0000,0.0000,0.0017,0.0004,0.0026,0.0000,0.0002,0.0035,0.0037,0.0000,0.0001,0.0375,0.0019,0.0001,0.0098,0.0000,0.0017,0.0011,0.0157,0.0025,0.0010,0.0000,0.0109,0.0020,0.0057,0.0012,0.0030,0.0015,0.0014,0.0012,0.0001,0.0008,0.0004,0.0282,0.0055,0.0012,0.0019,0.0002,0.0000,0.0067,0.0067,0.0068,0.0002,0.0004,0.0008,0.0001,0.0013,0.0003,0.0009,0.0048,0.0005,0.0047,0.0025,0.0001,0.0040,0.0002,0.0002,0.0001,0.0004,0.0009,0.0004,0.0636,0.0016
1,3,0.9910,0.9873,0.0039,0.0029,0.0015,0.3237,0.3197,0.0125,0.0079,0.0079,0.0071,0.0040,0.0005,0.0004,0.0004,0.0024,0.0007,0.0004,0.0025,0.0016,0.0004,0.0004,0.0004,0.0004,0.0003,0.0003,0.0003,0.0026,0.0325,0.0004,0.0025,0.0029,0.0030,0.0036,0.0006,0.0247,0.0005,0.0004,0.0030,0.0029,0.0027,0.0004,0.0003,0.0027,0.0032,0.0020,0.0030,0.0022,0.0022,0.0004,0.0021,0.0021,0.0024,0.0019,0.0022,0.0022,0.0024,0.0042,0.0021,0.0196,0.0196,0.0004,0.0005,0.0072,0.0080,0.0004,0.0004,0.0003,0.0003,0.0003,0.0010,0.0003,0.0003,0.0194,0.0003,0.0009,0.0015,0.0005,0.0001,0.0001,0.0004,0.0004,0.0002,0.0001,0.0008,0.0062,0.0002,0.0001,0.0001,0.0010,0.0001,0.0006,0.0002,0.0002,0.0003,0.0009,0.0001,0.0003,0.0003,0.0002,0.0002,0.0002,0.0002,0.0004,0.0002,0.0094,0.0073,0.0069,0.0073,0.0067,0.0068,0.0068,0.0066,0.0191,0.0084,0.0062,0.0094,0.0006,0.1175,0.3567,0.2743,0.0023,0.0011,0.0016,0.0004,0.0024,0.0005,0.0077,0.0002,0.0002,0.0001,0.0000,0.0008,0.0003,0.0071,0.0008,0.0059,0.0006,0.0002,0.0002,0.0422,0.0042,0.0000,0.0000,0.0428,0.0041,0.0002,0.0252,0.0000,0.0005,0.0896,0.0188,0.0022,0.0813,0.0002,0.0221,0.1150,0.0542,0.0026,0.1150,0.0967,0.0014,0.0772,0.0004,0.0025,0.0810,0.0017,0.0045,0.0013,0.0010,0.0003,0.0001,0.0048,0.0049,0.0049,0.0000,0.0011,0.0744,0.0001,0.0013,0.0003,0.0005,0.0014,0.0006,0.0008,0.0057,0.0001,0.0001,0.0001,0.0000,0.0001,0.0000,0.0008,0.0000,0.1159,0.0045
2,3,0.9883,0.7740,0.0005,0.0000,0.0003,0.6532,0.6518,0.0034,0.0003,0.0003,0.0008,0.0000,0.0024,0.0000,0.0000,0.0003,0.0003,0.0000,0.0026,0.0000,0.0000,0.0000,0.0000,0.0000,0.0000,0.0000,0.0000,0.0013,0.0265,0.0000,0.0000,0.0026,0.0000,0.0005,0.0000,0.0249,0.0000,0.0000,0.0000,0.0008,0.0000,0.0000,0.0000,0.0000,0.0019,0.0000,0.0024,0.0000,0.0000,0.0000,0.0000,0.0003,0.0000,0.0000,0.0003,0.0003,0.0029,0.0040,0.0005,0.0069,0.0069,0.0003,0.0000,0.0003,0.0019,0.0000,0.0000,0.0000,0.0000,0.0000,0.0000,0.0000,0.0003,0.0008,0.0000,0.0011,0.0005,0.0005,0.0000,0.0000,0.0003,0.0000,0.0000,0.0000,0.0029,0.0000,0.0003,0.0000,0.0000,0.0008,0.0000,0.0000,0.0000,0.0000,0.0000,0.0003,0.0000,0.0000,0.0000,0.0000,0.0000,0.0000,0.0000,0.0000,0.0000,0.0003,0.0003,0.0003,0.0000,0.0000,0.0008,0.0000,0.0000,0.0000,0.0000,0.0000,0.0003,0.0011,0.1561,0.1365,0.0347,0.0016,0.0003,0.0000,0.0005,0.0019,0.0000,0.0011,0.0000,0.0000,0.0000,0.0000,0.0003,0.0000,0.0000,0.0000,0.0003,0.0011,0.0000,0.0000,0.0021,0.0016,0.0000,0.0000,0.0344,0.0019,0.0000,0.0172,0.0000,0.0003,0.0029,0.0117,0.0011,0.0000,0.0000,0.0302,0.1547,0.0405,0.0013,0.0005,0.0008,0.0003,0.0003,0.0000,0.0000,0.0000,0.0013,0.0066,0.0003,0.0016,0.0000,0.0000,0.0040,0.0040,0.0040,0.0000,0.0011,0.0005,0.0003,0.0003,0.0003,0.0011,0.0056,0.0000,0.0000,0.0011,0.0000,0.0000,0.0000,0.0000,0.0005,0.0000,0.0003,0.0000,0.0570,0.0008
-1,3,0.9889,0.9780,0.0019,0.0005,0.0003,0.6707,0.6707,0.0005,0.0345,0.0345,0.0410,0.0043,0.0005,0.0000,0.0000,0.0000,0.0011,0.0000,0.0022,0.0000,0.0000,0.0000,0.0000,0.0003,0.0000,0.0000,0.0000,0.0000,0.0011,0.0003,0.0003,0.0011,0.0000,0.0024,0.0000,0.0003,0.0000,0.0005,0.0000,0.0011,0.0003,0.0000,0.0000,0.0000,0.0000,0.0000,0.0041,0.0003,0.0003,0.0000,0.0003,0.0000,0.0000,0.0003,0.0000,0.0000,0.0024,0.0011,0.0000,0.0030,0.0030,0.0402,0.0011,0.0345,0.0022,0.0003,0.0000,0.0000,0.0000,0.0000,0.0000,0.0000,0.0005,0.0014,0.0005,0.0003,0.0022,0.0000,0.0000,0.0000,0.0011,0.0000,0.0000,0.0000,0.0008,0.0095,0.0000,0.0000,0.0000,0.0008,0.0000,0.0000,0.0000,0.0000,0.0000,0.0000,0.0000,0.0000,0.0000,0.0005,0.0005,0.0035,0.0000,0.0000,0.0000,0.0014,0.0011,0.0003,0.0000,0.0000,0.0005,0.0000,0.0000,0.0000,0.0000,0.0000,0.0008,0.0014,0.0024,0.1729,0.1607,0.0038,0.0003,0.0000,0.0000,0.0016,0.0003,0.0003,0.0000,0.0000,0.0000,0.0000,0.0320,0.0000,0.0000,0.0030,0.0003,0.0413,0.0000,0.0005,0.0057,0.0008,0.0000,0.0000,0.0491,0.0060,0.0014,0.0062,0.0000,0.0005,0.0016,0.0423,0.0155,0.0008,0.0000,0.0554,0.0003,0.0033,0.0035,0.0008,0.0003,0.0033,0.0005,0.0003,0.0005,0.0003,0.0071,0.0100,0.0019,0.0003,0.0003,0.0000,0.0022,0.0022,0.0022,0.0005,0.0008,0.0003,0.0000,0.0019,0.0024,0.0022,0.0008,0.0041,0.0011,0.0011,0.0000,0.0016,0.0005,0.0005,0.0003,0.0003,0.0003,0.0000,0.0711,0.0016
0,4,0.9640,0.9275,0.0343,0.0141,0.0019,0.4420,0.4347,0.0459,0.0353,0.0355,0.0404,0.0149,0.0057,0.0005,0.0005,0.0252,0.0039,0.0007,0.0114,0.0010,0.0004,0.0003,0.0006,0.0005,0.0005,0.0005,0.0005,0.0309,0.0226,0.0005,0.0088,0.0114,0.0110,0.0071,0.0003,0.0191,0.0003,0.0005,0.0042,0.0053,0.0073,0.0004,0.0004,0.0048,0.0058,0.0043,0.0080,0.0016,0.0016,0.0004,0.0016,0.0040,0.0026,0.0028,0.0033,0.0035,0.0078,0.0045,0.0079,0.0141,0.0141,0.0172,0.0244,0.0348,0.0162,0.0010,0.0005,0.0005,0.0005,0.0005,0.0031,0.0005,0.0006,0.0884,0.0007,0.0028,0.0022,0.0010,0.0002,0.0001,0.0006,0.0007,0.0002,0.0000,0.0113,0.0011,0.0006,0.0000,0.0001,0.0025,0.0000,0.0000,0.0000,0.0000,0.0001,0.0013,0.0001,0.0003,0.0004,0.0003,0.0003,0.0013,0.0003,0.0001,0.0008,0.0488,0.0155,0.0130,0.0131,0.0133,0.0139,0.0130,0.0122,0.0155,0.0133,0.0124,0.0114,0.0065,0.0178,0.3233,0.0952,0.0055,0.0072,0.0031,0.0039,0.0066,0.0000,0.0025,0.0002,0.0000,0.0067,0.0000,0.0302,0.0000,0.0000,0.0071,0.0052,0.0778,0.0000,0.0004,0.0277,0.0087,0.0000,0.0004,0.0639,0.0019,0.0004,0.0170,0.0000,0.0033,0.0121,0.0596,0.0086,0.0088,0.0000,0.0597,0.0082,0.0724,0.0013,0.0138,0.0133,0.0013,0.0135,0.0007,0.0129,0.0084,0.1238,0.0110,0.0012,0.0020,0.0006,0.0000,0.0023,0.0023,0.0023,0.0080,0.0089,0.0077,0.0000,0.0012,0.0077,0.0083,0.0323,0.0012,0.0200,0.0066,0.0007,0.0169,0.0080,0.0080,0.0000,0.0075,0.0036,0.0073,0.2170,0.0142
1,4,0.9942,0.9885,0.0035,0.0013,0.0004,0.2249,0.2214,0.0800,0.0690,0.0690,0.0677,0.0039,0.0018,0.0001,0.0001,0.0197,0.0011,0.0001,0.0034,0.0019,0.0001,0.0001,0.0002,0.0001,0.0001,0.0001,0.0001,0.0019,0.0560,0.0001,0.0011,0.0013,0.0013,0.0010,0.0002,0.0356,0.0001,0.0001,0.0007,0.0009,0.0006,0.0001,0.0001,0.0005,0.0036,0.0006,0.0035,0.0005,0.0005,0.0001,0.0005,0.0010,0.0008,0.0006,0.0008,0.0007,0.0011,0.0029,0.0009,0.0986,0.0986,0.0004,0.0003,0.0658,0.0672,0.0003,0.0004,0.0001,0.0001,0.0001,0.0010,0.0001,0.0002,0.0226,0.0001,0.0009,0.0013,0.0004,0.0000,0.0001,0.0003,0.0004,0.0002,0.0000,0.0015,0.0046,0.0003,0.0000,0.0000,0.0011,0.0000,0.0000,0.0001,0.0001,0.0001,0.0026,0.0000,0.0001,0.0000,0.0001,0.0001,0.0004,0.0001,0.0002,0.0004,0.0671,0.0650,0.0679,0.0660,0.0659,0.0647,0.0658,0.0645,0.0705,0.0659,0.0655,0.0649,0.0011,0.2812,0.3193,0.2247,0.0019,0.0008,0.0095,0.0003,0.0018,0.0001,0.0118,0.0001,0.0001,0.0000,0.0000,0.0017,0.0000,0.0006,0.0015,0.0322,0.0025,0.0000,0.0006,0.1234,0.0050,0.0000,0.0000,0.0367,0.0049,0.0002,0.0189,0.0000,0.0009,0.1663,0.0299,0.0040,0.1474,0.0000,0.0208,0.2784,0.0932,0.0017,0.1615,0.1592,0.0017,0.1449,0.0006,0.0027,0.1497,0.0020,0.0066,0.0017,0.0009,0.0002,0.0001,0.0035,0.0035,0.0035,0.0000,0.0050,0.1286,0.0001,0.0017,0.0005,0.0012,0.0056,0.0011,0.0003,0.0057,0.0000,0.0002,0.0002,0.0001,0.0002,0.0000,0.0015,0.0001,0.1140,0.0052
2,4,0.9835,0.9448,0.0011,0.0003,0.0001,0.3824,0.3749,0.0269,0.0175,0.0175,0.0170,0.0019,0.0060,0.0000,0.0000,0.0013,0.0019,0.0000,0.0018,0.0005,0.0000,0.0000,0.0000,0.0000,0.0000,0.0000,0.0000,0.0025,0.0536,0.0000,0.0004,0.0006,0.0004,0.0008,0.0000,0.0109,0.0000,0.0000,0.0001,0.0003,0.0001,0.0000,0.0000,0.0001,0.0019,0.0001,0.0023,0.0001,0.0001,0.0000,0.0001,0.0009,0.0001,0.0001,0.0006,0.0001,0.0082,0.0005,0.0003,0.0595,0.0602,0.0013,0.0001,0.0174,0.0194,0.0000,0.0000,0.0000,0.0000,0.0000,0.0160,0.0000,0.0001,0.0043,0.0001,0.0004,0.0008,0.0000,0.0000,0.0000,0.0001,0.0000,0.0000,0.0000,0.0029,0.0006,0.0000,0.0000,0.0000,0.0004,0.0000,0.0001,0.0000,0.0000,0.0000,0.0001,0.0000,0.0000,0.0001,0.0001,0.0001,0.0004,0.0000,0.0000,0.0001,0.0179,0.0193,0.0161,0.0168,0.0152,0.0181,0.0165,0.0162,0.0164,0.0162,0.0166,0.0168,0.0001,0.3550,0.1510,0.0133,0.0006,0.0004,0.0020,0.0016,0.0019,0.0024,0.0008,0.0000,0.0000,0.0000,0.0000,0.0013,0.0000,0.0000,0.0015,0.0258,0.0034,0.0000,0.0000,0.0264,0.0029,0.0000,0.0001,0.2013,0.0015,0.0005,0.0255,0.0000,0.0004,0.0146,0.0063,0.0029,0.0201,0.0000,0.0742,0.3506,0.0980,0.0011,0.0020,0.0022,0.0010,0.0022,0.0004,0.0001,0.0018,0.0023,0.0090,0.0010,0.0019,0.0006,0.0000,0.0033,0.0033,0.0033,0.0000,0.0015,0.0023,0.0000,0.0010,0.0003,0.0011,0.0459,0.0003,0.0000,0.0028,0.0000,0.0000,0.0000,0.0000,0.0000,0.0000,0.0013,0.0001,0.0859,0.0008
-1,4,0.9957,0.9513,0.0061,0.0018,0.0004,0.2508,0.2504,0.0083,0.4584,0.4579,0.4965,0.0013,0.0013,0.0002,0.0002,0.0031,0.0011,0.0000,0.0043,0.0009,0.0002,0.0002,0.0002,0.0002,0.0000,0.0000,0.0000,0.0031,0.0049,0.0000,0.0013,0.0009,0.0013,0.0007,0.0000,0.0063,0.0000,0.0002,0.0004,0.0007,0.0002,0.0000,0.0000,0.0009,0.0011,0.0000,0.0027,0.0000,0.0000,0.0000,0.0000,0.0007,0.0004,0.0004,0.0002,0.0002,0.0013,0.0020,0.0045,0.0049,0.0049,0.5275,0.0009,0.4573,0.0088,0.0002,0.0000,0.0004,0.0002,0.0000,0.0011,0.0002,0.0000,0.0123,0.0011,0.0007,0.0004,0.0004,0.0000,0.0000,0.0002,0.0009,0.0002,0.0000,0.0088,0.0002,0.0002,0.0000,0.0000,0.0076,0.0000,0.0000,0.0000,0.0000,0.0000,0.0004,0.0000,0.0000,0.0000,0.0000,0.0000,0.0011,0.0000,0.0000,0.0002,0.0047,0.0061,0.0038,0.0036,0.0038,0.0043,0.0036,0.0034,0.0045,0.0036,0.0036,0.0045,0.0009,0.0162,0.5742,0.5721,0.0036,0.0002,0.0070,0.0000,0.0018,0.0000,0.0013,0.0000,0.0000,0.0002,0.0000,0.5374,0.0000,0.0000,0.0031,0.0029,0.5129,0.0000,0.0000,0.1297,0.0036,0.0002,0.0004,0.0269,0.0018,0.0007,0.0074,0.0000,0.0009,0.0052,0.5360,0.0101,0.0031,0.0002,0.5676,0.0079,0.0074,0.0007,0.0029,0.0027,0.0007,0.0027,0.0000,0.0016,0.0027,0.0083,0.0063,0.0007,0.0004,0.0000,0.0000,0.0013,0.0013,0.0013,0.0002,0.0013,0.0025,0.0000,0.0007,0.0002,0.0007,0.0025,0.0040,0.0000,0.0034,0.0002,0.0013,0.0000,0.0000,0.0000,0.0000,0.0016,0.0000,0.0588,0.0009
1,5,0.9930,0.9714,0.0220,0.0154,0.0012,0.5780,0.5519,0.5384,0.5416,0.5414,0.5227,0.0106,0.0022,0.0003,0.0003,0.0760,0.0015,0.0004,0.0079,0.0020,0.0004,0.0003,0.0004,0.0003,0.0003,0.0003,0.0003,0.0049,0.0289,0.0003,0.0106,0.0031,0.0037,0.0018,0.0003,0.0298,0.0003,0.0003,0.0014,0.0018,0.0013,0.0003,0.0002,0.0014,0.0041,0.0016,0.0239,0.0011,0.0011,0.0004,0.0011,0.0017,0.0012,0.0011,0.0011,0.0012,0.0018,0.0034,0.0018,0.5128,0.5119,0.0106,0.0016,0.5396,0.4989,0.0005,0.0005,0.0003,0.0003,0.0003,0.0053,0.0003,0.0003,0.0124,0.0007,0.0025,0.0021,0.0005,0.0001,0.0002,0.0004,0.0009,0.0002,0.0001,0.0020,0.0007,0.0003,0.0001,0.0001,0.0010,0.0001,0.0001,0.0001,0.0001,0.0001,0.0016,0.0001,0.0002,0.0004,0.0003,0.0003,0.0007,0.0002,0.0002,0.0006,0.5063,0.5028,0.5073,0.5081,0.5053,0.5008,0.5056,0.5029,0.5034,0.5030,0.4983,0.4957,0.0017,0.0667,0.2587,0.2238,0.0096,0.0017,0.1494,0.0003,0.0052,0.0002,0.0015,0.0001,0.0001,0.0001,0.0000,0.0238,0.0000,0.0033,0.0023,0.1228,0.0444,0.0000,0.0013,0.0486,0.0037,0.0000,0.0006,0.0190,0.0035,0.0003,0.0451,0.0001,0.0023,0.1191,0.0940,0.0567,0.0951,0.0000,0.0242,0.0633,0.0900,0.0019,0.0990,0.1016,0.0028,0.0963,0.0008,0.0092,0.0975,0.0120,0.0218,0.0020,0.0016,0.0005,0.0001,0.0027,0.0027,0.0027,0.0079,0.0146,0.0861,0.0000,0.0019,0.0086,0.0091,0.0129,0.0010,0.0089,0.0042,0.0002,0.0082,0.0081,0.0080,0.0004,0.0079,0.0020,0.0077,0.0395,0.0033
0,5,0.9693,0.9191,0.1029,0.0875,0.0294,0.4907,0.4866,0.2321,0.3580,0.3569,0.3274,0.1311,0.0082,0.0010,0.0011,0.1105,0.0059,0.0010,0.0196,0.0021,0.0015,0.0010,0.0010,0.0010,0.0011,0.0011,0.0011,0.1184,0.0156,0.0010,0.0645,0.0835,0.0416,0.0810,0.0009,0.0861,0.0008,0.0008,0.0284,0.0277,0.0270,0.0007,0.0008,0.0245,0.0245,0.0717,0.0408,0.0130,0.0130,0.0008,0.0128,0.0634,0.0111,0.0109,0.0115,0.0107,0.0137,0.0166,0.0226,0.1356,0.1357,0.0811,0.0234,0.3558,0.1497,0.0013,0.0011,0.0010,0.0010,0.0010,0.0250,0.0010,0.0007,0.0239,0.0021,0.0136,0.0019,0.0041,0.0001,0.0004,0.0010,0.0007,0.0009,0.0000,0.0047,0.0010,0.0004,0.0001,0.0001,0.0207,0.0001,0.0001,0.0000,0.0000,0.0000,0.0009,0.0000,0.0007,0.0008,0.0017,0.0017,0.0005,0.0008,0.0008,0.0023,0.1538,0.1379,0.1416,0.1366,0.1391,0.1377,0.1406,0.1338,0.1234,0.1373,0.1119,0.1217,0.0031,0.0150,0.2381,0.1082,0.0303,0.0570,0.0612,0.0170,0.0115,0.0001,0.0014,0.0001,0.0001,0.0043,0.0000,0.0906,0.0001,0.0001,0.0040,0.0166,0.2853,0.0000,0.0012,0.1695,0.0051,0.0001,0.0104,0.0354,0.0023,0.0005,0.0160,0.0001,0.0032,0.0102,0.1693,0.0453,0.0106,0.0001,0.0973,0.0061,0.0732,0.0017,0.0080,0.0085,0.0016,0.0087,0.0009,0.1210,0.0074,0.1887,0.0094,0.0016,0.0018,0.0003,0.0001,0.0020,0.0020,0.0019,0.1081,0.1233,0.0075,0.0001,0.0015,0.1239,0.1184,0.1302,0.0005,0.1249,0.0142,0.0001,0.1220,0.1219,0.1209,0.0002,0.1189,0.0044,0.1184,0.0741,0.0028
2,5,0.9878,0.9779,0.0015,0.0029,0.0002,0.7118,0.6854,0.6752,0.7175,0.7175,0.7055,0.0027,0.0028,0.0001,0.0001,0.0015,0.0043,0.0001,0.0008,0.0031,0.0001,0.0001,0.0001,0.0001,0.0001,0.0006,0.0001,0.0019,0.0336,0.0003,0.0043,0.0004,0.0012,0.0004,0.0001,0.0034,0.0001,0.0001,0.0010,0.0005,0.0002,0.0001,0.0001,0.0001,0.0008,0.0002,0.0024,0.0010,0.0010,0.0001,0.0001,0.0004,0.0001,0.0001,0.0001,0.0007,0.0017,0.0004,0.0005,0.6891,0.6896,0.0346,0.0002,0.7170,0.6708,0.0006,0.0006,0.0001,0.0001,0.0001,0.0059,0.0002,0.0001,0.0019,0.0009,0.0021,0.0007,0.0002,0.0000,0.0001,0.0004,0.0096,0.0001,0.0000,0.0008,0.0002,0.0001,0.0000,0.0000,0.0032,0.0000,0.0006,0.0000,0.0000,0.0000,0.0017,0.0000,0.0001,0.0001,0.0001,0.0001,0.0001,0.0001,0.0002,0.0000,0.6634,0.6694,0.6641,0.6649,0.6675,0.6644,0.6666,0.6651,0.6646,0.6626,0.6673,0.6550,0.0005,0.1142,0.0946,0.0470,0.0028,0.0007,0.1561,0.0001,0.0013,0.0003,0.0004,0.0000,0.0000,0.0000,0.0000,0.0497,0.0000,0.0000,0.0033,0.2868,0.0543,0.0000,0.0002,0.0470,0.0009,0.0000,0.0010,0.0199,0.0017,0.0000,0.0231,0.0000,0.0013,0.0227,0.0521,0.0504,0.0027,0.0000,0.0570,0.1117,0.0369,0.0010,0.0009,0.0013,0.0013,0.0007,0.0005,0.0015,0.0009,0.0030,0.0083,0.0014,0.0006,0.0011,0.0000,0.0023,0.0023,0.0023,0.0012,0.0015,0.0014,0.0000,0.0013,0.0024,0.0029,0.0207,0.0022,0.0014,0.0027,0.0001,0.0015,0.0012,0.0014,0.0000,0.0011,0.0004,0.0011,0.0162,0.0016
-1,5,0.9771,0.8174,0.0812,0.0093,0.0025,0.2974,0.2962,0.0634,0.4896,0.4896,0.4931,0.0604,0.0008,0.0003,0.0003,0.0106,0.0020,0.0005,0.0329,0.0008,0.0005,0.0002,0.0005,0.0005,0.0005,0.0005,0.0005,0.0083,0.0022,0.0003,0.0116,0.0066,0.0070,0.0048,0.0043,0.0101,0.0005,0.0005,0.0046,0.0055,0.0061,0.0005,0.0005,0.0051,0.0020,0.0020,0.0088,0.0025,0.0017,0.0003,0.0015,0.0040,0.0060,0.0060,0.0043,0.0046,0.0048,0.0063,0.0324,0.0385,0.0385,0.4514,0.0008,0.4876,0.0423,0.0007,0.0003,0.0002,0.0005,0.0005,0.0005,0.0002,0.0008,0.0048,0.0012,0.0032,0.0012,0.0007,0.0002,0.0000,0.0005,0.0012,0.0002,0.0000,0.0066,0.0007,0.0007,0.0000,0.0002,0.0066,0.0002,0.0002,0.0002,0.0002,0.0002,0.0005,0.0000,0.0003,0.0005,0.0002,0.0002,0.0000,0.0002,0.0002,0.0103,0.0387,0.0370,0.0495,0.0473,0.0364,0.0364,0.0360,0.0367,0.0354,0.0362,0.0362,0.0354,0.0015,0.0056,0.4348,0.4853,0.0042,0.0013,0.0213,0.0005,0.0038,0.0000,0.0020,0.0000,0.0000,0.0000,0.0000,0.4260,0.0000,0.0000,0.0174,0.0118,0.4946,0.0000,0.0003,0.1964,0.0017,0.0015,0.0510,0.0110,0.0027,0.0000,0.0100,0.0000,0.0018,0.0040,0.4370,0.0071,0.0023,0.0000,0.4682,0.0010,0.0236,0.0015,0.0023,0.0025,0.0007,0.0027,0.0008,0.0450,0.0023,0.1068,0.0053,0.0008,0.0007,0.0002,0.0000,0.0022,0.0022,0.0022,0.0355,0.0427,0.0025,0.0000,0.0007,0.0470,0.0433,0.0463,0.0007,0.0447,0.0018,0.0000,0.0453,0.0457,0.0452,0.0000,0.0412,0.0010,0.0379,0.0037,0.0010
1,6,0.9924,0.9802,0.1699,0.1956,0.1080,0.6854,0.6303,0.6446,0.7121,0.7118,0.6698,0.0492,0.0003,0.0001,0.0000,0.2168,0.0006,0.0002,0.0141,0.0010,0.0003,0.0000,0.0001,0.0000,0.0000,0.0000,0.0000,0.1962,0.0154,0.0002,0.2080,0.1956,0.1932,0.1936,0.0001,0.1970,0.0001,0.0001,0.1909,0.1923,0.1908,0.0001,0.0000,0.1912,0.1875,0.1858,0.1235,0.1782,0.1780,0.0002,0.1777,0.1559,0.1542,0.1539,0.1542,0.1525,0.1535,0.1560,0.1547,0.6057,0.6049,0.0108,0.0051,0.7118,0.6063,0.0002,0.0002,0.0001,0.0000,0.0001,0.0059,0.0001,0.0001,0.0041,0.0002,0.0026,0.0025,0.0004,0.0000,0.0001,0.0001,0.0010,0.0003,0.0000,0.0021,0.0001,0.0002,0.0000,0.0000,0.0024,0.0000,0.0000,0.0000,0.0000,0.0000,0.0014,0.0000,0.0000,0.0003,0.0001,0.0001,0.0002,0.0000,0.0001,0.0041,0.6198,0.6185,0.6194,0.6220,0.6223,0.6169,0.6184,0.6205,0.6171,0.6159,0.6132,0.6050,0.0942,0.0263,0.0835,0.0745,0.0538,0.0387,0.2483,0.0354,0.0265,0.0027,0.0075,0.0006,0.0008,0.0001,0.0000,0.0323,0.0029,0.0001,0.0037,0.1016,0.0984,0.0075,0.0019,0.0566,0.0024,0.0000,0.0013,0.0129,0.0056,0.0071,0.0563,0.0000,0.0033,0.0256,0.0451,0.1169,0.0060,0.0022,0.0252,0.0026,0.0447,0.0030,0.0056,0.0062,0.0042,0.0063,0.0059,0.0486,0.0057,0.0489,0.0364,0.0026,0.0012,0.0006,0.0003,0.0039,0.0039,0.0039,0.0473,0.0489,0.0050,0.0004,0.0025,0.0526,0.0488,0.0486,0.0015,0.0482,0.0167,0.0006,0.0476,0.0481,0.0481,0.0007,0.0467,0.0041,0.0439,0.0051,0.0028
0,6,0.9869,0.9615,0.2440,0.3554,0.0984,0.4265,0.4244,0.1823,0.4409,0.4404,0.4056,0.2655,0.0047,0.0012,0.0015,0.3609,0.0015,0.0011,0.0263,0.0013,0.0010,0.0019,0.0011,0.0007,0.0011,0.0011,0.0011,0.4148,0.0039,0.0016,0.3819,0.3938,0.3550,0.3538,0.0010,0.3461,0.0010,0.0005,0.3304,0.3493,0.3458,0.0002,0.0002,0.2973,0.2840,0.3075,0.0989,0.1725,0.1720,0.0003,0.1716,0.1921,0.1644,0.1667,0.1679,0.1516,0.1681,0.1685,0.1773,0.1059,0.1058,0.0455,0.0051,0.4403,0.1131,0.0006,0.0002,0.0001,0.0001,0.0002,0.0082,0.0002,0.0009,0.0058,0.0010,0.0076,0.0022,0.0009,0.0006,0.0010,0.0010,0.0015,0.0016,0.0008,0.0023,0.0006,0.0008,0.0009,0.0004,0.0156,0.0009,0.0009,0.0007,0.0007,0.0007,0.0012,0.0009,0.0000,0.0001,0.0002,0.0002,0.0004,0.0000,0.0002,0.0173,0.1028,0.1028,0.1031,0.1025,0.1022,0.1019,0.1019,0.1016,0.0993,0.1025,0.0924,0.0967,0.0014,0.0623,0.0985,0.0552,0.1749,0.1955,0.0503,0.1607,0.0703,0.0002,0.0013,0.0001,0.0001,0.0002,0.0000,0.0517,0.0005,0.0002,0.0071,0.0086,0.3303,0.0003,0.0025,0.2820,0.0021,0.0001,0.0222,0.0167,0.0037,0.0115,0.0156,0.0001,0.0021,0.0039,0.0929,0.0241,0.0017,0.0004,0.0588,0.0037,0.0158,0.0028,0.0004,0.0010,0.0021,0.0011,0.0011,0.2641,0.0004,0.2691,0.0087,0.0020,0.0015,0.0006,0.0001,0.0037,0.0037,0.0037,0.2464,0.2614,0.0006,0.0003,0.0019,0.2704,0.2599,0.2475,0.0007,0.2608,0.1051,0.0003,0.2640,0.2651,0.2652,0.0002,0.2597,0.0198,0.2559,0.0085,0.0021
-1,6,0.9899,0.8614,0.2687,0.1840,0.0607,0.4706,0.4689,0.0729,0.5782,0.5782,0.4921,0.3312,0.0038,0.0001,0.0001,0.1874,0.0011,0.0001,0.1187,0.0022,0.0004,0.0001,0.0000,0.0001,0.0001,0.0001,0.0001,0.2101,0.0006,0.0004,0.2146,0.1986,0.1957,0.1933,0.0019,0.1936,0.0000,0.0000,0.1831,0.1935,0.1984,0.0000,0.0000,0.1931,0.1816,0.1804,0.0312,0.1677,0.1664,0.0000,0.1662,0.1399,0.1395,0.1459,0.1443,0.1377,0.1471,0.1403,0.2404,0.0542,0.0542,0.1391,0.0007,0.5767,0.0586,0.0001,0.0004,0.0001,0.0001,0.0001,0.0021,0.0001,0.0001,0.0019,0.0007,0.0051,0.0023,0.0012,0.0000,0.0000,0.0002,0.0006,0.0001,0.0000,0.0111,0.0000,0.0006,0.0000,0.0000,0.0050,0.0000,0.0000,0.0000,0.0000,0.0000,0.0007,0.0000,0.0000,0.0000,0.0001,0.0001,0.0003,0.0000,0.0000,0.0098,0.0584,0.0482,0.0651,0.0661,0.0465,0.0490,0.0506,0.0478,0.0532,0.0534,0.0518,0.0458,0.0014,0.0450,0.1643,0.1620,0.0535,0.0511,0.0064,0.0515,0.0450,0.0000,0.0011,0.0000,0.0001,0.0000,0.0000,0.1448,0.0001,0.0001,0.0143,0.0071,0.4408,0.0001,0.0012,0.3152,0.0012,0.0008,0.1573,0.0119,0.0036,0.0035,0.0134,0.0000,0.0010,0.0011,0.1666,0.0048,0.0004,0.0001,0.1652,0.0006,0.0069,0.0033,0.0001,0.0004,0.0072,0.0004,0.0019,0.2531,0.0001,0.2642,0.0080,0.0073,0.0005,0.0018,0.0001,0.0027,0.0027,0.0027,0.2406,0.2461,0.0201,0.0001,0.0072,0.2557,0.2487,0.2673,0.0010,0.2559,0.0117,0.0001,0.2615,0.2561,0.2625,0.0025,0.2422,0.0050,0.2201,0.0005,0.0059
2,6,0.9902,0.9785,0.0779,0.1153,0.0758,0.8164,0.7181,0.8187,0.8348,0.8345,0.8376,0.0072,0.0026,0.0000,0.0000,0.1164,0.0003,0.0000,0.0004,0.0015,0.0001,0.0000,0.0000,0.0001,0.0000,0.0007,0.0000,0.1189,0.0035,0.0001,0.1282,0.1182,0.1246,0.1175,0.0000,0.1169,0.0000,0.0000,0.1097,0.1165,0.0988,0.0000,0.0000,0.0974,0.1105,0.1060,0.0157,0.1067,0.1060,0.0000,0.0988,0.0814,0.0729,0.0796,0.0808,0.0814,0.0798,0.0813,0.0813,0.8195,0.8203,0.0160,0.0000,0.8342,0.8181,0.0008,0.0002,0.0000,0.0000,0.0000,0.0036,0.0000,0.0001,0.0022,0.0012,0.0037,0.0009,0.0002,0.0000,0.0002,0.0008,0.0055,0.0000,0.0000,0.0012,0.0001,0.0002,0.0000,0.0000,0.0011,0.0000,0.0009,0.0001,0.0000,0.0000,0.0021,0.0000,0.0000,0.0000,0.0000,0.0000,0.0001,0.0000,0.0001,0.0002,0.8199,0.8200,0.8214,0.8212,0.8243,0.8125,0.8166,0.8207,0.8145,0.8207,0.8173,0.8092,0.0021,0.0351,0.0255,0.0227,0.0413,0.0378,0.2596,0.0369,0.0333,0.0000,0.0004,0.0002,0.0002,0.0001,0.0000,0.0240,0.0000,0.0000,0.0010,0.2656,0.0437,0.0001,0.0012,0.0127,0.0025,0.0000,0.0001,0.0092,0.0028,0.0631,0.0307,0.0000,0.0005,0.0006,0.0237,0.0446,0.0004,0.0000,0.0274,0.0039,0.0028,0.0020,0.0000,0.0008,0.0019,0.0002,0.0444,0.0029,0.0000,0.0033,0.0065,0.0018,0.0004,0.0013,0.0000,0.0033,0.0033,0.0033,0.0022,0.0028,0.0003,0.0000,0.0017,0.0098,0.0027,0.0135,0.0014,0.0024,0.0079,0.0001,0.0021,0.0023,0.0023,0.0001,0.0023,0.0016,0.0022,0.0008,0.0126
1,7,0.9966,0.9898,0.8331,0.9262,0.5756,0.0320,0.0315,0.0313,0.0329,0.0331,0.0317,0.0100,0.0057,0.0057,0.0057,0.9226,0.0062,0.0058,0.0067,0.0059,0.0057,0.0057,0.0054,0.0056,0.0054,0.0054,0.0054,0.9496,0.0036,0.0055,0.9461,0.9481,0.9405,0.9419,0.0038,0.9295,0.0038,0.0032,0.9375,0.9398,0.9276,0.0028,0.0029,0.9149,0.8948,0.8895,0.3368,0.8659,0.8651,0.0032,0.8638,0.8273,0.8300,0.8286,0.8201,0.8210,0.8112,0.8268,0.8031,0.0281,0.0281,0.0061,0.0034,0.0273,0.0278,0.0060,0.0057,0.0056,0.0056,0.0056,0.0081,0.0057,0.0058,0.0020,0.0056,0.0056,0.0013,0.0054,0.0000,0.0001,0.0058,0.0003,0.0001,0.0000,0.0007,0.0051,0.0004,0.0000,0.0003,0.0030,0.0000,0.0001,0.0000,0.0000,0.0000,0.0010,0.0001,0.0037,0.0029,0.0031,0.0031,0.0001,0.0025,0.0025,0.0035,0.0226,0.0225,0.0227,0.0221,0.0221,0.0229,0.0219,0.0223,0.0219,0.0222,0.0216,0.0217,0.2159,0.0920,0.0056,0.0031,0.1055,0.1107,0.0061,0.1034,0.0833,0.0678,0.0604,0.0529,0.0528,0.0015,0.0000,0.0028,0.0697,0.0006,0.0021,0.0031,0.0082,0.0683,0.0009,0.0066,0.0018,0.0006,0.0003,0.0235,0.0123,0.0347,0.0123,0.0000,0.0336,0.0008,0.0046,0.0042,0.0006,0.0473,0.0125,0.0013,0.0019,0.0056,0.0003,0.0006,0.0090,0.0015,0.0205,0.0057,0.0005,0.0041,0.0103,0.0055,0.0006,0.0010,0.0099,0.0082,0.0082,0.0082,0.0034,0.0045,0.0013,0.0325,0.0053,0.0052,0.0042,0.0037,0.0279,0.0034,0.0288,0.0302,0.0035,0.0034,0.0034,0.0269,0.0033,0.0186,0.0032,0.0016,0.0193
0,7,0.9889,0.9748,0.6433,0.7266,0.2518,0.1493,0.1483,0.0781,0.1520,0.1519,0.1640,0.1149,0.0100,0.0016,0.0016,0.7289,0.0024,0.0017,0.0125,0.0020,0.0018,0.0016,0.0017,0.0017,0.0007,0.0007,0.0007,0.7646,0.0032,0.0016,0.7654,0.7612,0.7606,0.7485,0.0016,0.7306,0.0015,0.0020,0.7366,0.7603,0.7385,0.0013,0.0014,0.7022,0.6905,0.6883,0.2449,0.6042,0.6022,0.0014,0.6026,0.6059,0.6041,0.6024,0.6033,0.5916,0.5999,0.5979,0.5813,0.0229,0.0229,0.0165,0.0037,0.1507,0.0264,0.0020,0.0017,0.0018,0.0014,0.0015,0.0042,0.0019,0.0018,0.0090,0.0015,0.0046,0.0019,0.0015,0.0001,0.0001,0.0018,0.0006,0.0003,0.0001,0.0025,0.0016,0.0005,0.0001,0.0001,0.0054,0.0001,0.0001,0.0000,0.0000,0.0000,0.0011,0.0001,0.0014,0.0013,0.0008,0.0009,0.0003,0.0009,0.0018,0.0307,0.0208,0.0196,0.0217,0.0187,0.0191,0.0198,0.0184,0.0189,0.0190,0.0188,0.0150,0.0180,0.0052,0.0922,0.0531,0.0147,0.1549,0.1524,0.0095,0.1491,0.0984,0.0035,0.0049,0.0143,0.0141,0.0003,0.0000,0.0135,0.0115,0.0002,0.0072,0.0015,0.1501,0.0039,0.0011,0.1177,0.0037,0.0001,0.0105,0.0373,0.0056,0.0199,0.0118,0.0001,0.0043,0.0015,0.0450,0.0050,0.0005,0.0115,0.0276,0.0006,0.0049,0.0043,0.0001,0.0005,0.0036,0.0009,0.0069,0.1140,0.0001,0.1151,0.0074,0.0035,0.0067,0.0007,0.0004,0.0039,0.0039,0.0039,0.1109,0.1109,0.0011,0.0091,0.0034,0.1146,0.1120,0.1091,0.0029,0.1114,0.0561,0.0087,0.1123,0.1125,0.1120,0.0020,0.1103,0.0837,0.1073,0.0078,0.0146
2,7,0.9959,0.9912,0.7840,0.9617,0.6932,0.0212,0.0176,0.0210,0.0219,0.0219,0.0209,0.0059,0.0003,0.0001,0.0001,0.9586,0.0002,0.0001,0.0003,0.0002,0.0001,0.0000,0.0001,0.0001,0.0002,0.0002,0.0002,0.9718,0.0003,0.0000,0.9722,0.9744,0.9691,0.9568,0.0001,0.9654,0.0002,0.0005,0.9525,0.9702,0.8630,0.0001,0.0001,0.9049,0.9476,0.9375,0.2177,0.9272,0.9241,0.0001,0.9236,0.7785,0.7787,0.7826,0.7880,0.7683,0.7793,0.7851,0.7775,0.0243,0.0242,0.0005,0.0001,0.0218,0.0220,0.0006,0.0001,0.0001,0.0001,0.0001,0.0007,0.0001,0.0002,0.0009,0.0001,0.0003,0.0008,0.0001,0.0000,0.0000,0.0003,0.0007,0.0000,0.0000,0.0008,0.0001,0.0003,0.0000,0.0000,0.0028,0.0000,0.0000,0.0000,0.0000,0.0000,0.0003,0.0000,0.0001,0.0001,0.0003,0.0003,0.0004,0.0001,0.0001,0.0001,0.0211,0.0211,0.0208,0.0208,0.0206,0.0210,0.0208,0.0205,0.0201,0.0208,0.0209,0.0205,0.0954,0.1730,0.0012,0.0004,0.1842,0.1858,0.0096,0.1842,0.1780,0.0061,0.0015,0.1492,0.1495,0.0000,0.0000,0.0004,0.0011,0.0027,0.0032,0.0052,0.0015,0.0013,0.0012,0.0020,0.0030,0.0000,0.0002,0.0268,0.0089,0.2563,0.0119,0.0000,0.0162,0.0001,0.0007,0.0016,0.0001,0.0008,0.0244,0.0001,0.0009,0.0037,0.0000,0.0001,0.0039,0.0052,0.2049,0.0014,0.0000,0.0016,0.0234,0.0050,0.0023,0.0003,0.0005,0.0531,0.0532,0.0531,0.0006,0.0034,0.0020,0.0004,0.0047,0.0011,0.0019,0.0012,0.0009,0.0006,0.0107,0.0002,0.0008,0.0007,0.0007,0.0006,0.0007,0.0069,0.0006,0.0005,0.0037
-1,7,0.9926,0.9289,0.6576,0.5986,0.2529,0.2407,0.2400,0.0532,0.2472,0.2472,0.2661,0.2208,0.0117,0.0001,0.0001,0.5888,0.0004,0.0001,0.0669,0.0014,0.0004,0.0002,0.0001,0.0002,0.0001,0.0001,0.0001,0.6330,0.0017,0.0001,0.6487,0.6269,0.6303,0.6185,0.0000,0.6023,0.0000,0.0000,0.6084,0.6277,0.6278,0.0000,0.0002,0.5141,0.5846,0.5806,0.1651,0.5323,0.5290,0.0000,0.5270,0.5551,0.5546,0.5620,0.5605,0.5479,0.5651,0.5446,0.5632,0.0076,0.0076,0.0063,0.0005,0.2472,0.0222,0.0003,0.0001,0.0001,0.0001,0.0001,0.0012,0.0001,0.0005,0.0047,0.0001,0.0033,0.0009,0.0009,0.0000,0.0002,0.0006,0.0001,0.0001,0.0000,0.0028,0.0002,0.0007,0.0000,0.0001,0.0009,0.0000,0.0004,0.0001,0.0001,0.0001,0.0028,0.0000,0.0000,0.0000,0.0006,0.0006,0.0001,0.0000,0.0000,0.0451,0.0084,0.0060,0.0183,0.0085,0.0047,0.0052,0.0059,0.0047,0.0054,0.0065,0.0055,0.0047,0.0025,0.0514,0.0512,0.0079,0.0655,0.0651,0.0011,0.0640,0.0582,0.0062,0.0036,0.0139,0.0140,0.0001,0.0000,0.0062,0.0508,0.0023,0.0059,0.0011,0.2602,0.0032,0.0009,0.1650,0.0029,0.0000,0.0688,0.0415,0.0108,0.0301,0.0084,0.0000,0.0035,0.0001,0.0508,0.0023,0.0009,0.0022,0.0150,0.0000,0.0039,0.0090,0.0000,0.0002,0.0146,0.0002,0.0204,0.1650,0.0000,0.1666,0.0130,0.0148,0.0010,0.0011,0.0003,0.0058,0.0058,0.0058,0.1597,0.1608,0.0571,0.0454,0.0148,0.1670,0.1635,0.1662,0.0027,0.1655,0.0102,0.0462,0.1675,0.1666,0.1732,0.0021,0.1584,0.0097,0.1631,0.0005,0.0053
1,8,0.9954,0.9876,0.9584,0.9578,0.7963,0.1853,0.1857,0.1871,0.1828,0.1828,0.1589,0.1876,0.1864,0.1839,0.1833,0.7912,0.1821,0.1850,0.1804,0.1825,0.1790,0.1715,0.1747,0.1790,0.1731,0.1730,0.1731,0.8061,0.1651,0.1480,0.8005,0.8016,0.8016,0.7985,0.1607,0.7925,0.1607,0.1656,0.7972,0.7788,0.7843,0.1572,0.1576,0.7774,0.7568,0.7480,0.5217,0.7652,0.7616,0.1655,0.7601,0.7707,0.7703,0.7674,0.7708,0.7661,0.7604,0.7391,0.7499,0.1809,0.1809,0.0851,0.0919,0.0012,0.1769,0.1862,0.1852,0.1850,0.1829,0.1824,0.1853,0.1827,0.1815,0.0083,0.1803,0.1751,0.0025,0.1750,0.0008,0.0010,0.1790,0.0011,0.0011,0.0008,0.0019,0.1713,0.0013,0.0008,0.0019,0.0026,0.0008,0.0008,0.0007,0.0007,0.0008,0.0022,0.0008,0.1590,0.1572,0.1608,0.1607,0.0010,0.1398,0.0931,0.0520,0.0012,0.0011,0.0006,0.0001,0.0001,0.0024,0.0002,0.0003,0.0001,0.0001,0.0001,0.0003,0.2301,0.0818,0.0024,0.0015,0.0310,0.0312,0.0001,0.0306,0.0291,0.0766,0.0509,0.0734,0.0724,0.0332,0.0000,0.0250,0.0545,0.0895,0.0322,0.0008,0.0005,0.0486,0.0009,0.0049,0.0049,0.0301,0.0001,0.0255,0.0171,0.0430,0.0148,0.0000,0.0446,0.0001,0.0014,0.0027,0.0059,0.0377,0.0164,0.0000,0.0009,0.0117,0.0000,0.0002,0.0105,0.0026,0.0307,0.0048,0.0000,0.0019,0.0180,0.0107,0.0012,0.0019,0.0522,0.0069,0.0069,0.0069,0.0000,0.0017,0.0018,0.0294,0.0102,0.0011,0.0026,0.0007,0.0306,0.0001,0.0063,0.0259,0.0002,0.0001,0.0000,0.0300,0.0001,0.0198,0.0003,0.0012,0.0228
0,8,0.9923,0.9770,0.8896,0.8730,0.5247,0.2207,0.2210,0.2338,0.2014,0.2018,0.1838,0.2336,0.2285,0.2223,0.2235,0.6913,0.2178,0.2277,0.2143,0.2196,0.2243,0.2210,0.2080,0.2081,0.1716,0.1714,0.1715,0.7386,0.1798,0.2048,0.7426,0.7397,0.7368,0.7173,0.1845,0.7000,0.1855,0.1812,0.7101,0.7340,0.7340,0.1769,0.1735,0.6958,0.6673,0.6605,0.4834,0.6086,0.6054,0.1783,0.6049,0.6748,0.6729,0.6719,0.6685,0.6529,0.6741,0.6648,0.6299,0.1791,0.1792,0.1632,0.1518,0.0275,0.1810,0.2034,0.2017,0.2008,0.1945,0.1948,0.1963,0.1889,0.1754,0.0296,0.1716,0.1755,0.0286,0.1753,0.0248,0.0268,0.1745,0.0253,0.0263,0.0268,0.0263,0.1657,0.0272,0.0280,0.0247,0.0222,0.0259,0.0267,0.0211,0.0211,0.0208,0.0264,0.0275,0.1574,0.1552,0.1212,0.1222,0.0262,0.1095,0.1419,0.0726,0.0019,0.0012,0.0013,0.0006,0.0006,0.0016,0.0006,0.0007,0.0005,0.0006,0.0005,0.0009,0.0072,0.0484,0.0053,0.0016,0.0605,0.0621,0.0009,0.0631,0.0487,0.0067,0.0069,0.0403,0.0401,0.0446,0.0000,0.0060,0.0233,0.0019,0.0155,0.0009,0.0072,0.0040,0.0012,0.0067,0.0057,0.0138,0.0006,0.0394,0.0055,0.0247,0.0110,0.0001,0.0057,0.0002,0.0046,0.0019,0.0013,0.0089,0.0170,0.0000,0.0006,0.0044,0.0000,0.0002,0.0040,0.0019,0.0144,0.0094,0.0001,0.0044,0.0101,0.0038,0.0303,0.0038,0.0025,0.0040,0.0040,0.0040,0.0034,0.0040,0.0009,0.0137,0.0037,0.0037,0.0046,0.0053,0.0034,0.0033,0.0191,0.0135,0.0033,0.0034,0.0033,0.0027,0.0034,0.0497,0.0037,0.0014,0.0186
-1,8,0.9971,0.9669,0.9316,0.8498,0.6542,0.4035,0.4030,0.3785,0.3991,0.3991,0.3103,0.3889,0.3741,0.3733,0.3726,0.5685,0.3707,0.3708,0.3733,0.3601,0.3622,0.3538,0.3454,0.3184,0.3591,0.3590,0.3589,0.5699,0.2810,0.3424,0.5618,0.5563,0.5589,0.5469,0.2962,0.5254,0.2933,0.2863,0.5499,0.5593,0.5514,0.2818,0.2845,0.4350,0.5215,0.5095,0.5578,0.5107,0.5092,0.2848,0.5070,0.5413,0.5303,0.5443,0.5438,0.5289,0.5452,0.5396,0.5445,0.3609,0.3608,0.2532,0.2177,0.0462,0.3536,0.3574,0.3566,0.3582,0.3576,0.3565,0.3655,0.3500,0.3467,0.0156,0.3529,0.3493,0.0128,0.3484,0.0122,0.0142,0.3474,0.0120,0.0117,0.0144,0.0108,0.3018,0.0144,0.0147,0.0152,0.0129,0.0120,0.0153,0.0116,0.0115,0.0115,0.0819,0.0102,0.2790,0.2695,0.2771,0.2769,0.0025,0.2171,0.2275,0.0760,0.0023,0.0017,0.0033,0.0008,0.0009,0.0013,0.0008,0.0009,0.0008,0.0009,0.0008,0.0008,0.0040,0.0176,0.0096,0.0035,0.0146,0.0149,0.0000,0.0146,0.0144,0.0198,0.0030,0.0964,0.0976,0.0527,0.0005,0.0140,0.1195,0.0049,0.0167,0.0003,0.0253,0.0019,0.0010,0.0160,0.0020,0.0140,0.0125,0.0381,0.0099,0.0533,0.0135,0.0001,0.0026,0.0000,0.0085,0.0014,0.0017,0.0009,0.0068,0.0000,0.0003,0.0082,0.0001,0.0001,0.0058,0.0011,0.0405,0.0132,0.0000,0.0134,0.0089,0.0049,0.0012,0.0005,0.0009,0.0052,0.0052,0.0051,0.0132,0.0128,0.0050,0.0467,0.0049,0.0138,0.0136,0.0151,0.0015,0.0129,0.0015,0.0469,0.0125,0.0131,0.0134,0.0012,0.0126,0.0063,0.0133,0.0003,0.0212
2,8,0.9957,0.9952,0.9555,0.9763,0.8084,0.1389,0.1388,0.1441,0.1003,0.1003,0.0898,0.1443,0.1440,0.1435,0.1424,0.8478,0.1393,0.1434,0.1408,0.1432,0.1406,0.1438,0.1410,0.1376,0.1395,0.1395,0.1394,0.8500,0.1271,0.1373,0.8523,0.8521,0.8542,0.8353,0.1283,0.8443,0.1290,0.1267,0.8337,0.8506,0.8053,0.1161,0.0895,0.8228,0.7784,0.7548,0.4920,0.7936,0.7932,0.0895,0.7929,0.8025,0.8107,0.8078,0.8126,0.7913,0.8046,0.8022,0.8035,0.1396,0.1395,0.1143,0.1217,0.0026,0.1434,0.1393,0.1395,0.1389,0.1389,0.1386,0.1391,0.1386,0.1382,0.0077,0.0977,0.1384,0.0062,0.1376,0.0045,0.0047,0.1382,0.0047,0.0046,0.0045,0.0051,0.1260,0.0052,0.0031,0.0045,0.0033,0.0028,0.0048,0.0025,0.0025,0.0025,0.0052,0.0030,0.1234,0.0869,0.1235,0.1235,0.0049,0.0720,0.1190,0.0284,0.0011,0.0017,0.0003,0.0000,0.0000,0.0017,0.0000,0.0001,0.0000,0.0000,0.0001,0.0001,0.1457,0.0537,0.0015,0.0003,0.0415,0.0424,0.0003,0.0412,0.0412,0.0086,0.0011,0.1187,0.1191,0.0187,0.0000,0.0112,0.0010,0.0071,0.0103,0.0014,0.0001,0.0001,0.0018,0.0153,0.0105,0.0080,0.0002,0.0261,0.0270,0.2009,0.0193,0.0000,0.0359,0.0000,0.0011,0.0010,0.0005,0.0005,0.0178,0.0000,0.0002,0.0143,0.0000,0.0005,0.0128,0.0215,0.1669,0.0032,0.0000,0.0017,0.0518,0.0133,0.0006,0.0018,0.0126,0.0302,0.0302,0.0302,0.0000,0.0083,0.0027,0.0007,0.0128,0.0006,0.0007,0.0006,0.0009,0.0000,0.0060,0.0003,0.0002,0.0001,0.0000,0.0002,0.0000,0.0055,0.0001,0.0005,0.0035
1,9,0.9965,0.9888,0.9856,0.9200,0.9440,0.9622,0.9640,0.9761,0.9452,0.9450,0.8861,0.9796,0.9787,0.9730,0.9695,0.0166,0.9649,0.9606,0.9593,0.9590,0.9532,0.9401,0.9266,0.9239,0.9304,0.9297,0.9297,0.0158,0.9030,0.9127,0.0164,0.0160,0.0157,0.0159,0.8918,0.0160,0.8902,0.9029,0.0159,0.0161,0.0156,0.8841,0.8821,0.0148,0.0161,0.0143,0.6374,0.0152,0.0151,0.9063,0.0150,0.0158,0.0153,0.0150,0.0152,0.0151,0.0159,0.0143,0.0148,0.6344,0.6344,0.7711,0.7706,0.3129,0.6201,0.6572,0.6565,0.6532,0.6522,0.6516,0.6425,0.6362,0.6274,0.3189,0.6299,0.6204,0.3186,0.6194,0.3155,0.3165,0.6013,0.3168,0.3147,0.3133,0.3135,0.6046,0.3127,0.3128,0.3143,0.3056,0.3057,0.3015,0.3051,0.3050,0.3050,0.2910,0.3011,0.5804,0.5855,0.5836,0.5833,0.3107,0.5300,0.4993,0.3752,0.0005,0.0011,0.0002,0.0000,0.0000,0.0002,0.0000,0.0000,0.0000,0.0000,0.0000,0.0000,0.0036,0.0021,0.0010,0.0005,0.0008,0.0009,0.0000,0.0005,0.0013,0.0011,0.0237,0.0026,0.0026,0.0652,0.0000,0.0491,0.0006,0.0166,0.0562,0.0011,0.0000,0.0005,0.0028,0.0009,0.0417,0.0557,0.0011,0.0096,0.0345,0.0015,0.0096,0.0000,0.0020,0.0000,0.0003,0.0015,0.0099,0.0005,0.0059,0.0000,0.0001,0.0279,0.0000,0.0002,0.0246,0.0005,0.0017,0.0012,0.0000,0.0002,0.0044,0.0230,0.0162,0.0156,0.0009,0.0080,0.0080,0.0080,0.0009,0.0003,0.0002,0.0004,0.0220,0.0000,0.0009,0.0002,0.0008,0.0000,0.0013,0.0003,0.0001,0.0000,0.0000,0.0004,0.0000,0.0008,0.0000,0.0002,0.0006
0,9,0.9928,0.9815,0.9558,0.7854,0.9040,0.9036,0.9019,0.9491,0.8241,0.8243,0.7430,0.9536,0.9487,0.9379,0.9418,0.0275,0.9242,0.9481,0.9145,0.9256,0.9403,0.9247,0.8971,0.8917,0.7610,0.7606,0.7598,0.0291,0.7577,0.9007,0.0303,0.0296,0.0293,0.0282,0.8200,0.0270,0.8136,0.7564,0.0277,0.0304,0.0296,0.7433,0.7355,0.0271,0.0248,0.0244,0.5323,0.0237,0.0234,0.7309,0.0231,0.0258,0.0254,0.0244,0.0245,0.0254,0.0323,0.0256,0.0222,0.4935,0.4946,0.7618,0.6652,0.3260,0.4974,0.5439,0.5430,0.5386,0.5336,0.5357,0.5158,0.5185,0.4979,0.4032,0.4920,0.4974,0.4086,0.4963,0.3809,0.4033,0.5047,0.3775,0.3962,0.4014,0.3910,0.4862,0.3825,0.3924,0.3628,0.3171,0.3719,0.3853,0.3152,0.3151,0.3145,0.3830,0.3694,0.4343,0.4312,0.3769,0.3776,0.3849,0.3618,0.3958,0.2076,0.0003,0.0007,0.0000,0.0000,0.0001,0.0001,0.0000,0.0000,0.0000,0.0000,0.0000,0.0000,0.0005,0.0041,0.0007,0.0004,0.0044,0.0050,0.0000,0.0044,0.0046,0.0004,0.0027,0.0015,0.0015,0.0950,0.0002,0.0135,0.0012,0.0072,0.0357,0.0006,0.0002,0.0001,0.0075,0.0012,0.0063,0.0346,0.0003,0.0070,0.0093,0.0010,0.0084,0.0000,0.0012,0.0000,0.0003,0.0012,0.0026,0.0003,0.0050,0.0000,0.0005,0.0074,0.0000,0.0002,0.0064,0.0009,0.0009,0.0004,0.0000,0.0004,0.0037,0.0061,0.0693,0.0654,0.0001,0.0046,0.0046,0.0046,0.0022,0.0002,0.0001,0.0007,0.0057,0.0002,0.0003,0.0002,0.0004,0.0001,0.0016,0.0007,0.0001,0.0000,0.0001,0.0001,0.0000,0.0029,0.0004,0.0002,0.0009
2,9,0.9997,0.9940,0.9962,0.9378,0.9690,0.9502,0.9500,0.9687,0.7342,0.7341,0.6063,0.9762,0.9683,0.9758,0.9704,0.0228,0.9566,0.9661,0.9671,0.9726,0.9655,0.9709,0.9458,0.9396,0.9614,0.9612,0.9599,0.0220,0.9156,0.9508,0.0222,0.0223,0.0222,0.0220,0.9145,0.0221,0.9159,0.9223,0.0214,0.0225,0.0209,0.6560,0.6060,0.0211,0.0201,0.0194,0.4137,0.0199,0.0199,0.6055,0.0198,0.0220,0.0219,0.0219,0.0220,0.0217,0.0221,0.0221,0.0215,0.3981,0.3981,0.7798,0.8219,0.4423,0.4051,0.4248,0.4132,0.4208,0.4214,0.4197,0.4042,0.4222,0.4190,0.5533,0.2911,0.4039,0.5535,0.4036,0.5457,0.5505,0.4188,0.5403,0.5489,0.5482,0.5446,0.3747,0.5504,0.3222,0.5492,0.3186,0.3142,0.5398,0.3184,0.3184,0.3184,0.5486,0.3290,0.3742,0.2828,0.3538,0.3541,0.5446,0.1808,0.3785,0.2045,0.0004,0.0016,0.0000,0.0000,0.0000,0.0005,0.0000,0.0000,0.0000,0.0000,0.0000,0.0000,0.0031,0.0011,0.0003,0.0007,0.0004,0.0006,0.0001,0.0002,0.0012,0.0003,0.0011,0.0029,0.0029,0.0455,0.0000,0.0265,0.0000,0.0030,0.0287,0.0034,0.0000,0.0000,0.0013,0.0008,0.1644,0.0275,0.0001,0.0098,0.0230,0.0080,0.0090,0.0000,0.0017,0.0001,0.0003,0.0011,0.0014,0.0001,0.0046,0.0000,0.0000,0.0156,0.0000,0.0007,0.0218,0.0007,0.0065,0.0001,0.0001,0.0001,0.0061,0.0211,0.0035,0.0037,0.0005,0.0085,0.0085,0.0085,0.0003,0.0004,0.0001,0.0000,0.0205,0.0000,0.0005,0.0004,0.0002,0.0000,0.0008,0.0000,0.0001,0.0000,0.0000,0.0001,0.0000,0.0007,0.0000,0.0002,0.0003
-1,9,0.9933,0.9901,0.9597,0.8308,0.8998,0.9495,0.9482,0.9537,0.9509,0.9509,0.7956,0.9512,0.9545,0.9367,0.9318,0.0515,0.9310,0.9535,0.7710,0.9360,0.8958,0.8898,0.8973,0.7949,0.7727,0.7724,0.7696,0.0349,0.7962,0.8509,0.0348,0.0347,0.0345,0.0354,0.7999,0.0347,0.7922,0.7958,0.0343,0.0350,0.0343,0.7847,0.7910,0.0298,0.0324,0.0312,0.5723,0.0346,0.0340,0.7694,0.0320,0.0340,0.0345,0.0343,0.0343,0.0340,0.0362,0.0334,0.0333,0.5600,0.5599,0.6865,0.6020,0.3523,0.5503,0.5972,0.5996,0.5979,0.5888,0.5933,0.5488,0.5908,0.5906,0.3506,0.5985,0.5503,0.3498,0.5499,0.3470,0.3432,0.5910,0.3402,0.3278,0.3411,0.3263,0.4869,0.3344,0.3294,0.3447,0.3440,0.3314,0.3334,0.3437,0.3437,0.3436,0.3391,0.2586,0.4579,0.4615,0.3994,0.3978,0.1609,0.2791,0.4010,0.3626,0.0007,0.0004,0.0002,0.0001,0.0001,0.0002,0.0001,0.0001,0.0001,0.0001,0.0001,0.0001,0.0012,0.0012,0.0011,0.0004,0.0006,0.0006,0.0000,0.0003,0.0005,0.0007,0.0018,0.0043,0.0042,0.0404,0.0178,0.0126,0.0032,0.0086,0.0372,0.0000,0.0009,0.0000,0.0012,0.0010,0.0046,0.0351,0.0004,0.0068,0.0224,0.0012,0.0066,0.0032,0.0010,0.0012,0.0004,0.0012,0.0011,0.0000,0.0037,0.0000,0.0002,0.0175,0.0000,0.0002,0.0181,0.0001,0.0010,0.0000,0.0000,0.0007,0.0022,0.0171,0.0067,0.0045,0.0000,0.0195,0.0195,0.0194,0.0013,0.0002,0.0004,0.0013,0.0166,0.0001,0.0002,0.0002,0.0002,0.0000,0.0008,0.0016,0.0001,0.0000,0.0001,0.0000,0.0002,0.0007,0.0002,0.0001,0.0005
1,10,0.9963,0.9747,0.9737,0.9342,0.9784,0.9487,0.9502,0.9904,0.9542,0.9541,0.9281,0.9954,0.9948,0.9811,0.9809,0.1764,0.9855,0.9762,0.9612,0.9698,0.9640,0.9493,0.9632,0.9269,0.9370,0.9360,0.9310,0.0003,0.9325,0.9594,0.0002,0.0009,0.0002,0.0002,0.9618,0.0005,0.9577,0.9335,0.0001,0.0014,0.0002,0.9229,0.9237,0.0001,0.0012,0.0001,0.0180,0.0002,0.0001,0.7556,0.0001,0.0002,0.0002,0.0002,0.0002,0.0002,0.0006,0.0010,0.0006,0.2013,0.2011,0.9189,0.8616,0.9365,0.0191,0.0246,0.0189,0.0197,0.0177,0.0176,0.0181,0.0206,0.0193,0.9560,0.0180,0.0173,0.9590,0.0175,0.9646,0.9543,0.0189,0.9523,0.9472,0.9459,0.9367,0.0182,0.9398,0.9476,0.9374,0.9416,0.9400,0.9272,0.9396,0.9392,0.9389,0.9065,0.9089,0.0174,0.0171,0.0174,0.0174,0.7638,0.0153,0.0168,0.0163,0.0007,0.0034,0.0002,0.0000,0.0001,0.0004,0.0000,0.0000,0.0000,0.0001,0.0000,0.0001,0.0008,0.0006,0.0007,0.0006,0.0004,0.0006,0.0000,0.0000,0.0029,0.0000,0.0011,0.0000,0.0000,0.0019,0.1771,0.0014,0.0000,0.0143,0.0039,0.0005,0.0000,0.0000,0.1935,0.0001,0.0770,0.0007,0.1783,0.0064,0.0394,0.0001,0.0130,0.1284,0.0101,0.0000,0.0004,0.0020,0.0008,0.0001,0.0070,0.0000,0.0002,0.0320,0.0000,0.0004,0.0297,0.0001,0.0006,0.0009,0.0000,0.0000,0.0046,0.0276,0.0574,0.0634,0.0001,0.0458,0.0458,0.0458,0.0097,0.0000,0.0001,0.0000,0.0264,0.0001,0.0005,0.0000,0.0015,0.0001,0.0016,0.0000,0.0002,0.0000,0.0000,0.0000,0.0000,0.0029,0.0000,0.0006,0.0006
0,10,0.9958,0.9873,0.9383,0.9212,0.9455,0.9668,0.9678,0.9882,0.9340,0.9339,0.9158,0.9897,0.9881,0.9771,0.9793,0.1737,0.9637,0.9904,0.9741,0.9721,0.9767,0.9667,0.9571,0.9392,0.8992,0.8984,0.8930,0.0011,0.9212,0.9456,0.0011,0.0017,0.0009,0.0009,0.9594,0.0012,0.9575,0.9226,0.0009,0.0058,0.0009,0.9149,0.9148,0.0008,0.0025,0.0007,0.0275,0.0008,0.0008,0.7271,0.0008,0.0008,0.0008,0.0007,0.0006,0.0004,0.0015,0.0013,0.0020,0.2092,0.2081,0.8806,0.8171,0.9062,0.0288,0.0283,0.0284,0.0297,0.0273,0.0277,0.0266,0.0346,0.0338,0.9592,0.0277,0.0263,0.9641,0.0264,0.9278,0.9496,0.0339,0.9226,0.9400,0.9456,0.9297,0.0268,0.9139,0.9395,0.8459,0.8809,0.9283,0.9186,0.8820,0.8820,0.8808,0.8963,0.8641,0.0252,0.0234,0.0228,0.0228,0.7278,0.0196,0.0241,0.0158,0.0005,0.0017,0.0001,0.0000,0.0000,0.0003,0.0000,0.0000,0.0000,0.0000,0.0001,0.0001,0.0006,0.0013,0.0005,0.0004,0.0006,0.0009,0.0000,0.0004,0.0096,0.0001,0.0010,0.0000,0.0000,0.0035,0.1822,0.0008,0.0000,0.0099,0.0049,0.0006,0.0001,0.0000,0.0745,0.0002,0.0543,0.0018,0.0590,0.0059,0.0256,0.0002,0.0114,0.1351,0.0038,0.0000,0.0002,0.0017,0.0003,0.0000,0.0097,0.0000,0.0005,0.0202,0.0001,0.0004,0.0189,0.0002,0.0005,0.0000,0.0000,0.0004,0.0046,0.0182,0.0719,0.0714,0.0000,0.0489,0.0489,0.0488,0.0502,0.0000,0.0002,0.0000,0.0172,0.0001,0.0007,0.0001,0.0009,0.0003,0.0017,0.0000,0.0001,0.0001,0.0000,0.0000,0.0000,0.0046,0.0001,0.0002,0.0003
-1,10,0.9970,0.9956,0.9741,0.9792,0.9282,0.9963,0.9955,0.9926,0.9949,0.9949,0.9763,0.9956,0.9927,0.9683,0.9689,0.3691,0.9700,0.9950,0.9476,0.9169,0.9854,0.9594,0.9872,0.9008,0.9498,0.9485,0.9472,0.0003,0.9801,0.9363,0.0009,0.0012,0.0008,0.0004,0.9849,0.0005,0.9815,0.9781,0.0007,0.0024,0.0005,0.9747,0.9758,0.0004,0.0009,0.0004,0.0518,0.0008,0.0008,0.5967,0.0008,0.0004,0.0008,0.0006,0.0005,0.0003,0.0006,0.0008,0.0019,0.4134,0.4129,0.9413,0.8327,0.9426,0.0532,0.0525,0.0528,0.0524,0.0519,0.0521,0.0517,0.0516,0.0534,0.9349,0.0524,0.0506,0.9432,0.0509,0.9257,0.9365,0.0533,0.7561,0.9295,0.9255,0.9323,0.0416,0.9074,0.9293,0.9321,0.9297,0.9337,0.9146,0.9299,0.9298,0.9297,0.9213,0.7522,0.0481,0.0440,0.0440,0.0437,0.5143,0.0292,0.0333,0.0428,0.0004,0.0015,0.0002,0.0000,0.0000,0.0001,0.0000,0.0000,0.0000,0.0000,0.0000,0.0000,0.0006,0.0005,0.0004,0.0001,0.0002,0.0005,0.0000,0.0000,0.0021,0.0004,0.0011,0.0000,0.0005,0.0012,0.3771,0.0012,0.0000,0.0121,0.0084,0.0002,0.0002,0.0001,0.0578,0.0004,0.0351,0.0028,0.0532,0.0055,0.0489,0.0000,0.0101,0.1235,0.0047,0.0000,0.0005,0.0011,0.0001,0.0001,0.0065,0.0000,0.0002,0.0328,0.0000,0.0015,0.0458,0.0000,0.0004,0.0001,0.0000,0.0005,0.0041,0.0432,0.0393,0.0403,0.0000,0.2514,0.2513,0.2515,0.0048,0.0001,0.0001,0.0000,0.0367,0.0000,0.0005,0.0000,0.0005,0.0001,0.0007,0.0004,0.0000,0.0000,0.0000,0.0000,0.0000,0.0009,0.0000,0.0001,0.0002
2,10,1.0000,0.9990,0.9994,0.9948,0.9832,0.9815,0.9809,0.9990,0.9184,0.9183,0.8226,0.9990,0.9990,0.9994,0.9989,0.1817,0.9980,0.9982,0.9952,0.9965,0.9969,0.9973,0.9688,0.9904,0.9930,0.9929,0.9887,0.0004,0.9947,0.9964,0.0004,0.0009,0.0010,0.0003,0.9662,0.0010,0.9662,0.9936,0.0007,0.0025,0.0010,0.8699,0.8226,0.0003,0.0009,0.0002,0.0138,0.0005,0.0005,0.6587,0.0005,0.0008,0.0008,0.0007,0.0006,0.0004,0.0006,0.0028,0.0009,0.2038,0.2038,0.8961,0.9494,0.9053,0.0139,0.0152,0.0144,0.0164,0.0131,0.0131,0.0133,0.0193,0.0169,0.9853,0.0131,0.0129,0.9853,0.0128,0.9783,0.9808,0.0165,0.9806,0.9787,0.9705,0.9686,0.0162,0.9825,0.7994,0.9762,0.7933,0.7695,0.9490,0.7936,0.7936,0.7936,0.9769,0.8098,0.0132,0.0119,0.0128,0.0128,0.7891,0.0073,0.0126,0.0092,0.0004,0.0037,0.0001,0.0001,0.0001,0.0002,0.0000,0.0001,0.0000,0.0000,0.0000,0.0001,0.0005,0.0014,0.0003,0.0014,0.0003,0.0016,0.0001,0.0000,0.0020,0.0000,0.0020,0.0000,0.0000,0.0041,0.1816,0.0042,0.0000,0.0002,0.0045,0.0001,0.0001,0.0001,0.0358,0.0002,0.1756,0.0005,0.0359,0.0074,0.0295,0.0002,0.0137,0.1471,0.0031,0.0001,0.0003,0.0025,0.0016,0.0001,0.0062,0.0000,0.0002,0.0214,0.0000,0.0003,0.0323,0.0000,0.0008,0.0004,0.0000,0.0000,0.0032,0.0308,0.0157,0.0170,0.0000,0.0334,0.0334,0.0334,0.0069,0.0000,0.0001,0.0000,0.0302,0.0001,0.0003,0.0001,0.0018,0.0001,0.0010,0.0000,0.0001,0.0002,0.0001,0.0000,0.0000,0.0037,0.0000,0.0003,0.0002
1,11,0.9987,0.9872,0.9849,0.8520,0.9627,0.9663,0.9670,0.9886,0.9613,0.9613,0.8440,0.9914,0.9900,0.9808,0.9804,0.4476,0.9830,0.9807,0.9718,0.9503,0.9678,0.9253,0.9570,0.9457,0.9556,0.9545,0.9365,0.0071,0.8462,0.9231,0.0072,0.0075,0.0070,0.0070,0.8973,0.0075,0.8964,0.8464,0.0068,0.0088,0.0070,0.8373,0.8418,0.0067,0.0066,0.0058,0.2926,0.0066,0.0067,0.3943,0.0055,0.0068,0.0069,0.0069,0.0068,0.0068,0.0072,0.0071,0.0066,0.7606,0.7604,0.7809,0.7328,0.6667,0.2821,0.3043,0.3009,0.3013,0.3004,0.3008,0.2986,0.3000,0.2903,0.6799,0.2946,0.2796,0.6807,0.2789,0.6839,0.6774,0.2797,0.6740,0.6728,0.6769,0.6644,0.2682,0.6748,0.6783,0.6706,0.6773,0.6727,0.6633,0.6769,0.6769,0.6766,0.6320,0.6254,0.2226,0.1935,0.1875,0.1870,0.1988,0.1613,0.1419,0.1232,0.0005,0.0009,0.0002,0.0000,0.0001,0.0004,0.0001,0.0000,0.0001,0.0001,0.0001,0.0001,0.0033,0.0019,0.0008,0.0006,0.0005,0.0009,0.0001,0.0002,0.0036,0.0003,0.0021,0.0009,0.0010,0.0619,0.4579,0.0444,0.0001,0.0202,0.0283,0.0011,0.0000,0.0001,0.0460,0.0003,0.0118,0.0244,0.0418,0.0065,0.0373,0.0004,0.0108,0.3601,0.0076,0.0001,0.0002,0.0012,0.0021,0.0001,0.0051,0.0001,0.0002,0.0294,0.0000,0.0003,0.0297,0.0002,0.0010,0.0003,0.0000,0.0001,0.0049,0.0276,0.0087,0.0100,0.0012,0.0763,0.0764,0.0764,0.0032,0.0001,0.0003,0.0001,0.0263,0.0001,0.0005,0.0002,0.0004,0.0001,0.0010,0.0001,0.0002,0.0000,0.0000,0.0002,0.0000,0.0021,0.0001,0.0002,0.0003
0,11,0.9881,0.9892,0.9364,0.9249,0.9387,0.9689,0.9685,0.9689,0.9417,0.9413,0.9209,0.9796,0.9660,0.9505,0.9516,0.4531,0.9401,0.9870,0.9550,0.9746,0.9726,0.9449,0.9522,0.9713,0.8853,0.8847,0.8723,0.0030,0.9266,0.9255,0.0051,0.0036,0.0028,0.0135,0.9561,0.0037,0.9567,0.9185,0.0052,0.0240,0.0031,0.9200,0.9152,0.0028,0.0027,0.0029,0.1320,0.0028,0.0020,0.3039,0.0020,0.0031,0.0034,0.0027,0.0023,0.0092,0.0077,0.0045,0.0020,0.5687,0.5669,0.8490,0.8141,0.8048,0.1311,0.1375,0.1403,0.1396,0.1271,0.1312,0.1291,0.1298,0.1370,0.8445,0.1356,0.1277,0.8467,0.1283,0.8279,0.8407,0.1361,0.8249,0.8373,0.8308,0.8377,0.1324,0.7983,0.8320,0.7404,0.7997,0.8350,0.8325,0.7993,0.7993,0.7993,0.7936,0.7103,0.1185,0.1141,0.1075,0.1075,0.3645,0.0938,0.1191,0.0394,0.0000,0.0004,0.0001,0.0000,0.0000,0.0000,0.0000,0.0000,0.0000,0.0000,0.0000,0.0000,0.0010,0.0002,0.0012,0.0001,0.0005,0.0007,0.0000,0.0010,0.0017,0.0000,0.0008,0.0000,0.0000,0.0551,0.4564,0.0019,0.0000,0.0221,0.0047,0.0004,0.0001,0.0000,0.0298,0.0002,0.0045,0.0022,0.0234,0.0051,0.0153,0.0001,0.0114,0.3764,0.0047,0.0000,0.0011,0.0005,0.0001,0.0000,0.0036,0.0000,0.0001,0.0122,0.0001,0.0001,0.0107,0.0002,0.0004,0.0004,0.0000,0.0000,0.0022,0.0101,0.0101,0.0098,0.0002,0.0850,0.0851,0.0851,0.0298,0.0000,0.0005,0.0000,0.0099,0.0000,0.0007,0.0000,0.0005,0.0013,0.0022,0.0000,0.0000,0.0000,0.0000,0.0000,0.0000,0.0031,0.0002,0.0002,0.0000
-1,11,0.9989,0.9989,0.9853,0.9807,0.8154,0.9966,0.9943,0.9977,0.9955,0.9955,0.9796,0.9989,0.9977,0.9921,0.9909,0.7395,0.9921,0.9955,0.9819,0.9841,0.9955,0.9977,0.9977,0.9377,0.9864,0.9853,0.9638,0.0000,0.9819,0.9909,0.0000,0.0000,0.0000,0.0000,0.9977,0.0000,0.9887,0.9807,0.0000,0.0045,0.0000,0.9762,0.9819,0.0000,0.0000,0.0000,0.0011,0.0000,0.0000,0.2299,0.0000,0.0000,0.0000,0.0000,0.0000,0.0000,0.0011,0.0011,0.0079,0.7554,0.7542,0.9207,0.5617,0.9932,0.0091,0.0000,0.0023,0.0023,0.0011,0.0011,0.0011,0.0023,0.0023,0.9921,0.0023,0.0023,0.9977,0.0045,0.9728,0.9909,0.0023,0.5572,0.9853,0.9751,0.9943,0.0023,0.9683,0.9943,0.9830,0.9875,0.9943,0.9955,0.9875,0.9875,0.9875,0.9943,0.9864,0.0023,0.0023,0.0011,0.0011,0.2310,0.0000,0.0045,0.0023,0.0034,0.0000,0.0000,0.0000,0.0000,0.0000,0.0000,0.0000,0.0000,0.0000,0.0000,0.0011,0.0000,0.0034,0.0000,0.0000,0.0011,0.0034,0.0000,0.0000,0.0011,0.0000,0.0000,0.0000,0.0000,0.0011,0.7395,0.0000,0.0000,0.0000,0.0045,0.0023,0.0000,0.0000,0.0555,0.0000,0.0125,0.0000,0.0487,0.0045,0.0215,0.0000,0.0159,0.3703,0.0125,0.0000,0.0000,0.0000,0.0000,0.0000,0.0034,0.0000,0.0011,0.0136,0.0000,0.0000,0.0283,0.0000,0.0000,0.0011,0.0000,0.0023,0.0023,0.0249,0.0034,0.0068,0.0000,0.3477,0.3477,0.3477,0.0023,0.0000,0.0000,0.0000,0.0204,0.0000,0.0000,0.0000,0.0011,0.0000,0.0023,0.0000,0.0000,0.0000,0.0000,0.0000,0.0000,0.0011,0.0000,0.0000,0.0000
2,11,1.0000,0.9985,0.9956,0.9734,0.9970,0.9689,0.9689,0.9985,0.9985,0.9985,0.9660,1.0000,1.0000,1.0000,1.0000,0.8639,0.9970,0.9970,0.9793,0.9911,0.9778,0.9970,0.9852,0.9956,0.9778,0.9778,0.9467,0.0000,0.9734,0.9911,0.0015,0.0000,0.0000,0.0015,0.9896,0.0044,0.9896,0.9689,0.0000,0.0000,0.0015,0.9615,0.9689,0.0000,0.0000,0.0000,0.0015,0.0000,0.0000,0.0799,0.0000,0.0000,0.0000,0.0000,0.0000,0.0015,0.0000,0.0000,0.0000,0.9172,0.9172,0.8876,0.9379,0.9985,0.0015,0.0015,0.0030,0.0000,0.0015,0.0015,0.0015,0.0000,0.0015,0.9985,0.0000,0.0000,0.9970,0.0015,0.9778,0.9941,0.0015,0.9970,0.9926,0.9704,0.9956,0.0015,0.9956,0.9675,0.9822,0.9970,0.9882,0.9793,0.9970,0.9970,0.9970,0.9956,0.9660,0.0015,0.0015,0.0000,0.0000,0.0814,0.0015,0.0015,0.0015,0.0000,0.0000,0.0015,0.0000,0.0000,0.0089,0.0000,0.0000,0.0000,0.0000,0.0000,0.0000,0.0015,0.0000,0.0000,0.0015,0.0000,0.0000,0.0000,0.0000,0.0192,0.0000,0.0000,0.0000,0.0000,0.0000,0.8861,0.0000,0.0000,0.0015,0.0015,0.0000,0.0000,0.0000,0.0370,0.0000,0.0118,0.0000,0.0370,0.0030,0.0222,0.0015,0.0089,0.7604,0.0222,0.0000,0.0000,0.0000,0.0015,0.0000,0.0030,0.0000,0.0000,0.0133,0.0000,0.0000,0.0178,0.0015,0.0000,0.0000,0.0000,0.0000,0.0030,0.0163,0.0015,0.0030,0.0000,0.0962,0.0962,0.0962,0.0000,0.0000,0.0000,0.0000,0.0163,0.0000,0.0000,0.0000,0.0000,0.0000,0.0015,0.0000,0.0000,0.0000,0.0000,0.0000,0.0000,0.0000,0.0000,0.0000,0.0044
